step,replica,lambda,beta,phi,syndrome,E0_II,E0_IX,E0_XI,E0_XX,U_II,U_IX,U_XI,U_XX,F_II,F_IX,F_XI,F_XX,g_II,g_IX,g_XI,g_XX,Z_II,Z_IX,Z_XI,Z_XX,delta_E0_IX,delta_E0_XI,delta_E0_XX,delta_U_IX,delta_U_XI,delta_U_XX,delta_F_IX,delta_F_XI,delta_F_XX,delta_S_IX,delta_S_XI,delta_S_XX
0,0,4.0,1.6582280766035322,-4.441333333333334,"(1, 1, 0, 0, 0, 0, 1, 1, 1, 0, 1, 1, 0, 0, 0, 0, 1, 1, 0, 0, 1, 0, 0, 0, 0)",5.0,9.0,9.0,12.0,5.037333333333334,9.478666666666667,9.600666666666667,14.094333333333333,0.0,8.189242267710375,8.86303560950361,13.993685402296972,1.0,5.0,2.0,1.0,0.31991823241354556,0.06970019062434941,0.005008549545473285,0.006709655957800347,4.0,4.0,7.0,4.441333333333334,4.5633333333333335,9.056999999999999,8.189242267710375,8.86303560950361,13.993685402296972,-6.214887823537235,-7.1298870353816675,-8.186150339447645
0,1,4.260869565217392,1.6582280766035322,-3.0439999999999996,"(0, 1, 0, 1, 1, 0, 0, 1, 1, 0, 0, 0, 0, 0, 0, 0, 0, 0, 1, 1, 0, 0, 0, 1, 0)",5.0,9.0,9.0,11.0,6.156,9.2,10.456333333333333,12.293333333333333,0.0,8.533370655496626,8.71560070873715,14.004648132358964,1.0,1.0,5.0,1.0,0.17796318047009346,0.029611275127983613,0.0034906663073978493,0.03054883217500944,4.0,4.0,6.0,3.0439999999999996,4.300333333333334,6.137333333333333,8.533370655496626,8.71560070873715,14.004648132358964,-9.102628543828041,-7.321520327606195,-13.045802287222777
0,2,4.521739130434782,1.6582280766035322,-3.1356666666666664,"(1, 0, 0, 0, 0, 0, 1, 0, 0, 0, 1, 1, 1, 0, 1, 0, 0, 0, 0, 0, 1, 1, 1, 0, 1)",6.0,9.0,11.0,12.0,6.082,9.217666666666666,11.589333333333334,12.580333333333334,0.0,6.768002620388098,7.7412535280595245,12.032195047617265,2.0,4.0,36.0,15.0,0.0646085574148957,0.11624413366691713,0.06345923343298401,0.008918473570598362,3.0,5.0,6.0,3.1356666666666664,5.507333333333334,6.498333333333334,6.768002620388098,7.7412535280595245,12.032195047617265,-6.023241462117347,-3.7043491877865984,-9.176404866666967
0,3,4.782608695652174,1.6582280766035322,-1.655666666666665,"(1, 1, 1, 1, 0, 0, 0, 1, 0, 0, 1, 1, 0, 0, 1, 1, 1, 1, 1, 0, 1, 1, 0, 0, 0)",8.0,11.0,12.0,14.0,9.367,11.022666666666666,12.206666666666667,16.143,0.0,5.766294676446514,6.105660264701631,10.482138715877502,1.0,10.0,28.0,10.0,0.10178354743481118,0.042770436460034644,0.001262655898739524,0.0008431961298842181,3.0,4.0,6.0,1.655666666666665,2.839666666666666,6.776,5.766294676446514,6.105660264701631,10.482138715877502,-6.816358778289845,-5.415762282268969,-6.145623274455436
0,4,5.043478260869565,1.6582280766035322,-3.0876666666666663,"(0, 0, 0, 0, 0, 0, 1, 1, 0, 1, 0, 0, 0, 0, 0, 0, 1, 1, 0, 1, 1, 0, 0, 1, 0)",6.0,9.0,10.0,13.0,6.248,9.335666666666667,11.427666666666667,14.519,0.0,7.371459454598733,8.387529496159344,13.201955194744412,1.0,1.0,6.0,24.0,0.07711893651004309,0.12510179606968308,0.0903226356845898,0.0004618237506717286,3.0,4.0,7.0,3.0876666666666663,5.179666666666667,8.271,7.371459454598733,8.387529496159344,13.201955194744412,-7.103505475300674,-5.319368209757606,-8.17664834839922
0,5,5.304347826086957,1.6582280766035322,-3.1966666666666663,"(0, 1, 1, 0, 1, 1, 1, 1, 1, 1, 0, 0, 0, 0, 0, 0, 0, 0, 0, 1, 1, 1, 1, 0, 0)",7.0,11.0,10.0,12.0,7.756666666666667,11.545333333333334,10.953333333333333,13.619666666666667,0.0,6.740715556149766,6.6304065395428164,11.14706053746091,4.0,31.0,8.0,2.0,0.2196596653955117,0.016593888456862497,0.07217217565790884,0.032521372823258024,4.0,3.0,5.0,3.788666666666667,3.1966666666666663,5.863,6.740715556149766,6.6304065395428164,11.14706053746091,-4.895170352047153,-5.693923864956275,-8.762177541690429
0,6,5.565217391304348,1.6582280766035322,-2.815666666666665,"(1, 0, 1, 1, 1, 0, 1, 0, 1, 1, 1, 0, 0, 1, 0, 0, 1, 0, 1, 0, 1, 1, 1, 0, 0)",8.0,12.0,11.0,14.0,8.243333333333334,12.909333333333333,11.059,16.013666666666666,0.0,7.515798996288866,6.220990027429405,10.76139353635574,4.0,26.0,12.0,9.0,0.3203375280292954,0.009960772685834392,0.0374372300289601,0.013480364840454551,4.0,3.0,6.0,4.665999999999999,2.815666666666665,7.7703333333333315,7.515798996288866,6.220990027429405,10.76139353635574,-4.725616708322765,-5.646802806730674,-4.959860007463219
0,7,5.826086956521739,1.6582280766035322,-4.647333333333333,"(0, 1, 0, 0, 0, 0, 1, 0, 1, 0, 1, 0, 0, 1, 0, 1, 0, 1, 0, 0, 0, 1, 0, 0, 0)",5.0,9.0,9.0,12.0,5.096666666666667,10.0,9.744,13.328666666666667,0.0,9.123635364120059,8.542002653873165,13.159246609393666,2.0,5.0,4.0,36.0,0.2458751454548223,0.0563582411365581,0.005028417662600071,0.007697226823940506,4.0,4.0,7.0,4.903333333333333,4.647333333333333,8.232,9.123635364120059,8.542002653873165,13.159246609393666,-6.998223319197453,-6.458250016405552,-8.170498668046134
0,8,6.086956521739131,1.6582280766035322,-3.8273333333333346,"(1, 1, 1, 0, 0, 1, 0, 1, 0, 1, 0, 0, 0, 0, 0, 0, 1, 1, 0, 0, 0, 0, 1, 1, 0)",5.0,9.0,9.0,12.0,5.576,9.403333333333334,10.806666666666667,12.970333333333333,0.0,8.72145056889628,9.31052688073148,13.611141397402742,1.0,2.0,4.0,24.0,0.21444397013674996,0.03774560121603551,0.0005796106483900814,0.059670542783925966,4.0,4.0,7.0,3.8273333333333346,5.230666666666667,7.394333333333333,8.72145056889628,9.31052688073148,13.611141397402742,-8.11556261019974,-6.76533875557997,-10.308885678695145
0,9,6.3478260869565215,1.6582280766035322,-2.905333333333335,"(0, 0, 1, 0, 0, 1, 1, 1, 0, 1, 1, 1, 1, 0, 1, 0, 0, 0, 0, 0, 1, 0, 0, 1, 1)",7.0,11.0,11.0,14.0,8.604,12.34,11.509333333333334,15.338666666666667,0.0,7.940452781950624,7.727425748376291,11.736708016744716,1.0,10.0,4.0,38.0,0.15022793712644264,0.031371714848465966,0.0006631348524388359,0.0009836907405704472,4.0,4.0,7.0,3.7360000000000007,2.905333333333335,6.7346666666666675,7.940452781950624,7.727425748376291,11.736708016744716,-6.971941649784352,-7.996129030601162,-8.294525407031259
0,10,6.608695652173913,1.6582280766035322,-4.347666666666667,"(1, 0, 0, 1, 0, 0, 0, 0, 0, 0, 0, 1, 0, 0, 1, 0, 1, 1, 1, 0, 0, 0, 1, 1, 1)",7.0,11.0,10.0,12.0,7.306666666666667,11.654333333333334,11.670666666666667,12.882333333333333,0.0,7.40415418484243,6.667283689490842,11.709209067807711,8.0,26.0,4.0,6.0,0.2344250687742166,0.000798872014597798,0.07100259675912776,0.005597673765668717,4.0,3.0,5.0,4.347666666666667,4.364000000000001,5.575666666666667,7.40415418484243,6.667283689490842,11.709209067807711,-5.0683534184273,-3.8193696822966845,-10.170812218610324
0,11,6.869565217391305,1.6582280766035322,-1.9783333333333335,"(0, 1, 1, 0, 0, 0, 1, 1, 1, 0, 0, 1, 0, 1, 0, 1, 0, 1, 0, 1, 1, 0, 0, 0, 1)",7.0,9.0,10.0,11.0,7.246,9.224333333333334,10.664333333333333,12.250333333333334,0.0,6.099303723741317,5.818943417878674,10.726828693336762,14.0,4.0,4.0,4.0,0.2507524805825352,0.09003105910000483,0.004761873435440977,0.06450751412116808,2.0,3.0,4.0,1.9783333333333335,3.418333333333333,5.004333333333333,6.099303723741317,5.818943417878674,10.726828693336762,-6.833508804226337,-3.9807590431706634,-9.489202474191123
0,12,7.130434782608695,1.6582280766035322,-3.3970000000000002,"(1, 0, 1, 0, 1, 1, 0, 0, 0, 0, 1, 0, 0, 0, 1, 1, 0, 0, 1, 1, 0, 0, 1, 0, 0)",6.0,9.0,9.0,11.0,6.09,9.487,9.540666666666667,12.652333333333333,0.0,7.6450670872383135,8.75928580617745,12.473919370089835,5.0,8.0,1.0,2.0,0.2547931290920903,0.176962946209998,0.032159427351230487,0.006737770608495789,3.0,3.0,5.0,3.3970000000000002,3.4506666666666668,6.562333333333333,7.6450670872383135,8.75928580617745,12.473919370089835,-7.044264115353958,-8.802901305131664,-9.802757943407032
0,13,7.391304347826087,1.6582280766035322,-2.246666666666668,"(1, 0, 1, 1, 1, 1, 1, 1, 1, 0, 0, 1, 0, 0, 0, 0, 1, 0, 0, 1, 0, 1, 0, 0, 0)",7.0,11.0,9.0,12.0,7.334,11.971,9.580666666666668,13.21,0.0,8.359791025389049,5.457293086749648,11.393675901964667,2.0,6.0,1.0,2.0,0.23460868190451178,0.02029102131040675,0.04798819765550984,0.012492288689613544,4.0,2.0,5.0,4.6370000000000005,2.246666666666668,5.876000000000001,8.359791025389049,5.457293086749648,11.393675901964667,-6.173236601627773,-5.323950873266685,-9.149565098236527
0,14,7.6521739130434785,1.6582280766035322,-1.000333333333332,"(1, 1, 1, 0, 1, 1, 0, 1, 0, 0, 1, 1, 1, 0, 1, 0, 0, 0, 1, 1, 0, 1, 1, 0, 0)",8.0,9.0,11.0,13.0,10.221333333333334,11.221666666666666,11.369666666666667,13.9,0.0,5.036692747497367,6.292782090768135,9.772536860007834,5.0,1.0,12.0,9.0,0.2717652871932134,0.032067261296484496,0.06119578478859802,0.001367108399898716,1.0,3.0,5.0,1.000333333333332,1.1483333333333334,3.6786666666666665,5.036692747497367,6.292782090768135,9.772536860007834,-6.693204507829788,-8.530669368226542,-10.10502664977572
0,15,7.913043478260869,1.6582280766035322,-2.602666666666667,"(0, 1, 1, 1, 0, 0, 1, 1, 1, 0, 0, 1, 1, 1, 0, 0, 0, 0, 0, 0, 0, 0, 1, 0, 0)",6.0,8.0,8.0,12.0,6.006666666666667,8.609333333333334,9.073,13.322333333333333,0.0,4.941188022663206,5.876161498899702,12.358138200830092,16.0,3.0,3.0,11.0,0.2992091889960035,0.019033275000918528,0.0671838539610197,0.00011040400733861265,2.0,2.0,6.0,2.602666666666667,3.0663333333333336,7.315666666666666,4.941188022663206,5.876161498899702,12.358138200830092,-3.877801770250425,-4.6593359545735495,-8.36156787342388
0,16,8.173913043478262,1.6582280766035322,-3.4173333333333336,"(0, 0, 0, 0, 0, 0, 0, 1, 0, 0, 0, 0, 0, 1, 1, 0, 1, 0, 0, 0, 0, 0, 1, 1, 0)",5.0,9.0,8.0,12.0,5.0,11.467666666666666,8.417333333333334,12.934666666666667,0.0,7.932714384259809,7.724744946319114,13.241614482909846,3.0,2.0,1.0,17.0,0.17470676840958665,0.00668459350751274,0.12239387191740896,0.002159278211523456,4.0,3.0,7.0,6.467666666666666,3.4173333333333336,7.934666666666667,7.932714384259809,7.724744946319114,13.241614482909846,-2.4293832588768716,-7.142670874141129,-8.800129869964243
0,17,8.434782608695652,1.6582280766035322,-3.176,"(0, 1, 0, 1, 1, 0, 0, 0, 0, 0, 0, 0, 1, 1, 0, 0, 0, 1, 0, 0, 0, 1, 0, 1, 0)",5.0,8.0,9.0,11.0,5.023333333333333,8.199333333333334,9.443333333333333,12.657666666666668,0.0,8.204801974495837,7.557429733389817,12.842294737307311,3.0,4.0,16.0,8.0,0.13250855842628118,0.061511159086805066,0.12214461296894463,0.015716547691075403,3.0,4.0,6.0,3.176,4.42,7.634333333333334,8.204801974495837,7.557429733389817,12.842294737307311,-8.338900625788277,-5.20257407227773,-8.6359878219372
0,18,8.695652173913043,1.6582280766035322,-3.7283333333333326,"(1, 1, 1, 1, 0, 0, 1, 1, 0, 0, 0, 1, 0, 0, 0, 1, 0, 0, 0, 1, 0, 0, 0, 0, 1)",6.0,10.0,9.0,11.0,6.038666666666667,11.144,9.767,12.082666666666666,0.0,8.54920673362819,7.254093756288015,11.346932294960855,2.0,6.0,1.0,2.0,0.23499253396749645,0.019340638101273035,0.0032486876031022696,0.05338001414334485,4.0,3.0,5.0,5.105333333333333,3.7283333333333326,6.044,8.54920673362819,7.254093756288015,11.346932294960855,-5.710727564637005,-5.846514924720998,-8.793471219831694
0,19,8.956521739130434,1.6582280766035322,-3.501666666666667,"(1, 0, 0, 1, 1, 0, 0, 0, 1, 0, 1, 0, 0, 0, 0, 0, 0, 0, 0, 1, 0, 0, 0, 0, 0)",4.0,7.0,8.0,10.0,4.007333333333333,7.509,8.040666666666667,10.414666666666667,0.0,8.091637120645851,9.05239604347353,14.041967476460746,2.0,2.0,5.0,6.0,0.2744056027099174,0.20230774493603246,0.00013819329282476058,0.05720077999190118,3.0,4.0,6.0,3.501666666666667,4.033333333333333,6.407333333333334,8.091637120645851,9.05239604347353,14.041967476460746,-7.6112178775689445,-8.32275070418829,-12.659964690729826
0,20,9.217391304347826,1.6582280766035322,-2.247,"(0, 0, 1, 0, 1, 1, 0, 1, 0, 0, 0, 1, 1, 0, 1, 0, 0, 0, 0, 0, 1, 0, 0, 0, 0)",6.0,9.0,8.0,11.0,6.193333333333333,9.210666666666667,8.440333333333333,12.365666666666666,0.0,7.553864543025121,6.591272356934974,11.189676999029619,5.0,4.0,1.0,8.0,0.44156830683574594,0.11463081719852293,0.0016159224317993898,0.005761062822672324,3.0,2.0,5.0,3.017333333333333,2.247,6.172333333333333,7.553864543025121,6.591272356934974,11.189676999029619,-7.522603422299108,-7.203794394682176,-8.319900136426469
0,21,9.478260869565217,1.6582280766035322,-2.414666666666667,"(1, 1, 0, 0, 0, 1, 1, 0, 1, 1, 0, 1, 0, 0, 1, 1, 0, 0, 0, 0, 1, 0, 0, 1, 1)",7.0,9.0,10.0,13.0,7.211,9.625666666666667,11.125,14.617333333333333,0.0,6.269953817580227,6.755768582134045,11.290313018523047,5.0,2.0,3.0,6.0,0.2595176366345473,0.005853854550708165,0.10207864626673072,0.005310800223950987,2.0,3.0,6.0,2.414666666666667,3.9139999999999997,7.4063333333333325,6.269953817580227,6.755768582134045,11.290313018523047,-6.392945397013704,-4.712300450104484,-6.440524162939333
0,22,9.73913043478261,1.6582280766035322,-4.108,"(0, 0, 1, 0, 1, 0, 0, 1, 0, 0, 0, 0, 1, 0, 0, 0, 0, 1, 0, 0, 1, 0, 0, 1, 1)",5.0,9.0,9.0,12.0,5.016666666666667,9.974,9.124666666666666,12.499,0.0,8.86413188250981,8.736448320611338,13.303650637731225,3.0,6.0,8.0,67.0,0.19856446709411457,0.13460074152367454,0.01213036313716529,0.006914302945222923,4.0,4.0,7.0,4.957333333333334,4.108,7.482333333333334,8.86413188250981,8.736448320611338,13.303650637731225,-6.478363043878378,-7.675022956346188,-9.653071796970574
0,23,10.0,1.6582280766035322,-1.5536666666666665,"(1, 1, 0, 1, 1, 1, 0, 0, 1, 1, 1, 0, 1, 0, 0, 0, 0, 0, 0, 0, 0, 1, 0, 0, 0)",6.0,10.0,8.0,11.0,6.534666666666666,11.099,8.088333333333333,12.679666666666666,0.0,9.038328741957008,7.282283633590276,12.006271415353032,3.0,16.0,1.0,4.0,0.3107275852742874,0.00240589212362175,0.0015557309984547646,0.018496432193993745,4.0,2.0,5.0,4.564333333333334,1.5536666666666665,6.145,9.038328741957008,7.282283633590276,12.006271415353032,-7.418904801175069,-9.499353494660097,-9.719324825532121
10,0,4.0,1.6582280766035322,-3.0439999999999996,"(0, 1, 0, 1, 1, 0, 0, 1, 1, 0, 0, 0, 0, 0, 0, 0, 0, 0, 1, 1, 0, 0, 0, 1, 0)",5.0,9.0,9.0,11.0,6.156,9.2,10.456333333333333,12.293333333333333,0.0,8.533370655496626,8.71560070873715,14.004648132358964,1.0,1.0,5.0,1.0,0.17796318047009346,0.029611275127983613,0.0034906663073978493,0.03054883217500944,4.0,4.0,6.0,3.0439999999999996,4.300333333333334,6.137333333333333,8.533370655496626,8.71560070873715,14.004648132358964,-9.102628543828041,-7.321520327606195,-13.045802287222777
10,1,4.260869565217392,1.6582280766035322,-2.7283333333333335,"(1, 0, 0, 1, 1, 0, 1, 0, 0, 1, 1, 1, 1, 0, 1, 0, 0, 0, 0, 0, 0, 0, 1, 1, 1)",8.0,10.0,11.0,13.0,8.113333333333333,10.841666666666667,11.787666666666667,14.333333333333334,0.0,7.050306738051645,7.749848676923252,10.955489132722183,24.0,4.0,27.0,2.0,0.2135508889866557,0.06780419288634933,0.07889553650571476,0.031098109236340897,2.0,3.0,5.0,2.7283333333333335,3.6743333333333332,6.220000000000001,7.050306738051645,7.749848676923252,10.955489132722183,-7.166817646037664,-6.758133969369294,-7.852521036330834
10,2,4.521739130434782,1.6582280766035322,-1.655666666666665,"(1, 1, 1, 1, 0, 0, 0, 1, 0, 0, 1, 1, 0, 0, 1, 1, 1, 1, 1, 0, 1, 1, 0, 0, 0)",8.0,11.0,12.0,14.0,9.367,11.022666666666666,12.206666666666667,16.143,0.0,5.766294676446514,6.105660264701631,10.482138715877502,1.0,10.0,28.0,10.0,0.10178354743481118,0.042770436460034644,0.001262655898739524,0.0008431961298842181,3.0,4.0,6.0,1.655666666666665,2.839666666666666,6.776,5.766294676446514,6.105660264701631,10.482138715877502,-6.816358778289845,-5.415762282268969,-6.145623274455436
10,3,4.782608695652174,1.6582280766035322,-2.1993333333333336,"(0, 0, 0, 0, 0, 0, 1, 1, 0, 1, 1, 0, 0, 0, 0, 1, 1, 1, 0, 1, 1, 0, 0, 1, 0)",7.0,9.0,10.0,12.0,7.0,9.199333333333334,11.09,13.473666666666666,0.0,5.7796249877067645,7.074102310950906,11.762944869867868,7.0,2.0,3.0,6.0,0.19143833567562418,0.09149868961461644,0.01576071548648157,0.07844075267821678,2.0,3.0,5.0,2.1993333333333336,4.09,6.4736666666666665,5.7796249877067645,7.074102310950906,11.762944869867868,-5.9369401437113325,-4.948322235476277,-8.770829621515315
10,4,5.043478260869565,1.6582280766035322,-1.5699999999999985,"(0, 1, 1, 1, 1, 1, 1, 1, 0, 1, 0, 0, 1, 0, 0, 0, 0, 1, 0, 1, 1, 1, 1, 0, 0)",8.0,10.0,11.0,12.0,9.13,10.7,13.286,14.390333333333333,0.0,6.150082352398196,6.25760001840953,10.529057358067178,1.0,4.0,1.0,1.0,0.22787411100549165,0.05925132997000877,0.0005601722719292143,0.001312711047158746,2.0,3.0,4.0,1.5699999999999985,4.155999999999999,5.260333333333332,6.150082352398196,6.25760001840953,10.529057358067178,-7.594821149903044,-3.4849321563171847,-8.736746105689226
10,5,5.304347826086957,1.6582280766035322,-0.36933333333333174,"(1, 0, 1, 1, 1, 0, 1, 0, 1, 1, 1, 0, 0, 1, 0, 0, 1, 0, 1, 1, 0, 1, 1, 0, 0)",9.0,13.0,11.0,14.0,10.993333333333334,14.697,11.362666666666666,14.676666666666666,0.0,6.937565653599011,6.189317871166277,9.200558722118055,8.0,7.0,6.0,21.0,0.15996301911868865,0.0794474366222279,0.04520324622969629,0.000266590829778455,4.0,2.0,5.0,3.703666666666665,0.36933333333333174,3.683333333333332,6.937565653599011,6.189317871166277,9.200558722118055,-5.362542097030935,-9.650861766033023,-9.148818044632668
10,6,5.565217391304348,1.6582280766035322,-2.099,"(1, 0, 0, 0, 0, 0, 0, 0, 1, 0, 1, 1, 0, 1, 0, 1, 0, 1, 0, 0, 0, 1, 0, 1, 1)",7.0,9.0,10.0,13.0,7.145333333333333,9.244333333333334,11.996333333333334,13.799,0.0,6.862678231183955,8.200923563272227,12.502431680629211,8.0,2.0,4.0,37.0,0.23346246814326838,0.0585675037110529,0.02446914219753172,0.0010476180890191882,2.0,3.0,6.0,2.099,4.851000000000001,6.653666666666666,6.862678231183955,8.200923563272227,12.502431680629211,-7.899264990854286,-5.554937307093754,-9.698586359609143
10,7,5.826086956521739,1.6582280766035322,-3.224666666666666,"(1, 1, 1, 0, 0, 1, 0, 0, 1, 1, 0, 0, 0, 0, 0, 0, 1, 1, 0, 0, 1, 1, 1, 1, 0)",6.0,9.0,10.0,12.0,6.49,9.714666666666666,10.558666666666667,13.706333333333333,0.0,9.155095635684509,9.199886218509208,12.829775115328955,1.0,1.0,4.0,6.0,0.3114235866969998,0.008623169472040837,0.0295528802338663,0.007896155371760555,3.0,4.0,6.0,3.224666666666666,4.068666666666667,7.216333333333333,9.155095635684509,9.199886218509208,12.829775115328955,-9.834003822728326,-8.508732328082296,-9.308366769284504
10,8,6.086956521739131,1.6582280766035322,-1.0826666666666664,"(0, 0, 1, 0, 0, 1, 1, 1, 0, 1, 1, 1, 1, 0, 1, 0, 0, 1, 1, 0, 1, 0, 1, 0, 1)",7.0,10.0,8.0,13.0,7.006,10.384666666666666,8.088666666666667,14.026,0.0,5.595257662723062,4.65531871463496,10.002293572399457,5.0,5.0,1.0,5.0,0.19020234420609278,0.04263175142259027,0.06611660525406421,0.018812122614385675,3.0,1.0,6.0,3.378666666666666,1.0826666666666664,7.02,5.595257662723062,4.65531871463496,10.002293572399457,-3.675613424007306,-5.924271933876135,-4.94532293442703
10,9,6.3478260869565215,1.6582280766035322,-1.4286666666666665,"(1, 1, 1, 0, 1, 0, 1, 1, 1, 0, 1, 0, 0, 0, 0, 0, 0, 1, 0, 0, 1, 1, 0, 0, 1)",8.0,10.0,9.0,13.0,8.072666666666667,10.476,9.501333333333333,13.730666666666666,0.0,5.366689347119673,5.092796130755785,10.209516807705677,15.0,2.0,2.0,28.0,0.20066048640644937,0.0004579224707912956,0.06249663919847866,0.06131053713199877,2.0,1.0,5.0,2.403333333333334,1.4286666666666665,5.6579999999999995,5.366689347119673,5.092796130755785,10.209516807705677,-4.91392014303243,-6.07596235366283,-7.547452961670435
10,10,6.608695652173913,1.6582280766035322,-2.193666666666666,"(0, 1, 1, 0, 0, 0, 1, 1, 1, 0, 0, 1, 0, 1, 0, 1, 0, 1, 0, 1, 1, 0, 0, 0, 1)",7.0,9.0,9.0,11.0,7.026666666666666,9.220333333333333,9.546333333333333,12.025,0.0,6.1013580840806645,7.426236255395869,10.60973015399394,14.0,4.0,2.0,5.0,0.22643480030478152,0.11938186225993365,0.0005730397596968799,0.07202360259993676,2.0,2.0,4.0,2.193666666666666,2.5196666666666667,4.998333333333334,6.1013580840806645,7.426236255395869,10.60973015399394,-6.479843623058545,-8.13621145183981,-9.304975756983213
10,11,6.869565217391305,1.6582280766035322,-1.7069999999999999,"(1, 0, 1, 0, 1, 1, 0, 0, 1, 1, 1, 0, 0, 0, 1, 1, 0, 0, 0, 1, 0, 0, 1, 1, 0)",7.0,8.0,9.0,12.0,7.021333333333334,8.728333333333333,9.184666666666667,12.563666666666666,0.0,5.414916147014224,6.176927222482768,10.649914547716966,18.0,3.0,6.0,25.0,0.39615706003609247,0.12107259130120739,0.0014954776520069418,0.058613966076151824,1.0,2.0,5.0,1.7069999999999999,2.163333333333333,5.542333333333333,5.414916147014224,6.176927222482768,10.649914547716966,-6.148570660670576,-6.655454075071958,-8.469534573223706
10,12,7.130434782608695,1.6582280766035322,-1.2756666666666678,"(1, 1, 0, 1, 1, 0, 0, 0, 0, 0, 0, 1, 0, 0, 1, 1, 1, 1, 1, 0, 1, 0, 1, 1, 1)",8.0,10.0,9.0,14.0,8.310333333333332,10.57,9.586,15.533333333333333,0.0,7.015732682654462,7.203434888547777,10.509711363840138,12.0,2.0,1.0,32.0,0.2548957284117993,0.06420649915612248,0.07944489698883365,0.08095369149313975,2.0,1.0,6.0,2.259666666666668,1.2756666666666678,7.223000000000001,7.015732682654462,7.203434888547777,10.509711363840138,-7.886642201890864,-9.829591697121453,-5.450117063211603
10,13,7.391304347826087,1.6582280766035322,-1.000333333333332,"(1, 1, 1, 0, 1, 1, 0, 1, 0, 0, 1, 1, 1, 0, 1, 0, 0, 0, 1, 1, 0, 1, 1, 0, 0)",8.0,9.0,11.0,13.0,10.221333333333334,11.221666666666666,11.369666666666667,13.9,0.0,5.036692747497367,6.292782090768135,9.772536860007834,5.0,1.0,12.0,9.0,0.2717652871932134,0.032067261296484496,0.06119578478859802,0.001367108399898716,1.0,3.0,5.0,1.000333333333332,1.1483333333333334,3.6786666666666665,5.036692747497367,6.292782090768135,9.772536860007834,-6.693204507829788,-8.530669368226542,-10.10502664977572
10,14,7.6521739130434785,1.6582280766035322,-2.1470000000000002,"(0, 0, 0, 1, 0, 0, 1, 1, 1, 0, 0, 1, 1, 1, 0, 0, 0, 0, 0, 0, 0, 0, 1, 0, 0)",5.0,7.0,7.0,11.0,5.008666666666667,7.430666666666666,7.155666666666667,11.791333333333334,0.0,6.478411511565697,7.056221084858198,12.460616695964193,7.0,2.0,2.0,16.0,0.235518607344509,0.12496750267480657,0.007615293786915297,0.09167756407928143,2.0,2.0,6.0,2.4219999999999997,2.1470000000000002,6.7826666666666675,6.478411511565697,7.056221084858198,12.460616695964193,-6.726455458736012,-8.140608237165914,-9.415336156133005
10,15,7.913043478260869,1.6582280766035322,-3.134333333333333,"(0, 0, 1, 0, 0, 0, 0, 1, 0, 0, 0, 0, 0, 1, 1, 0, 1, 0, 0, 0, 0, 0, 0, 1, 0)",5.0,8.0,9.0,11.0,5.406,8.540333333333333,9.361666666666666,12.243,0.0,7.191698318716706,7.4864852088457985,12.568889776988199,3.0,1.0,3.0,6.0,0.1737982754911606,0.11696137003826172,0.007976591320000488,0.00010507864740871961,3.0,4.0,6.0,3.134333333333333,3.9556666666666667,6.837000000000001,7.191698318716706,7.4864852088457985,12.568889776988199,-6.728036535790789,-5.854902440033789,-9.504780560198588
10,16,8.173913043478262,1.6582280766035322,-2.5089999999999986,"(1, 1, 0, 1, 0, 0, 0, 0, 0, 1, 0, 0, 1, 1, 0, 1, 0, 1, 0, 1, 1, 1, 0, 0, 1)",8.0,10.0,10.0,12.0,8.137333333333334,10.646333333333333,12.209333333333333,13.664,0.0,5.5866440891029265,7.048482687167381,10.243473633763237,12.0,2.0,4.0,4.0,0.18495886456507774,0.004457984307263877,0.052028272476470495,0.049608614490351116,2.0,2.0,4.0,2.5089999999999986,4.071999999999999,5.5266666666666655,5.5866440891029265,7.048482687167381,10.243473633763237,-5.103435838343378,-4.93568716138528,-7.821541744758688
10,17,8.434782608695652,1.6582280766035322,-1.8670000000000009,"(1, 1, 1, 1, 0, 1, 1, 0, 1, 1, 0, 0, 0, 0, 0, 1, 0, 0, 0, 1, 0, 1, 0, 0, 1)",7.0,9.0,10.0,11.0,7.247,9.114,11.024333333333333,13.672333333333333,0.0,5.391369308326454,7.147828973712341,11.739867862468467,9.0,3.0,12.0,2.0,0.4059029823319346,0.04730083328944277,0.0015354721171882456,0.006476763443687306,2.0,3.0,4.0,1.8670000000000009,3.777333333333333,6.425333333333333,5.391369308326454,7.147828973712341,11.739867862468467,-5.844208139386696,-5.5890505029462725,-8.812710370290812
10,18,8.695652173913043,1.6582280766035322,-2.882999999999999,"(1, 1, 1, 1, 1, 0, 0, 0, 1, 0, 1, 0, 1, 0, 0, 0, 0, 1, 0, 1, 0, 0, 0, 0, 0)",6.0,9.0,10.0,12.0,6.384,9.267,10.169333333333332,14.457333333333333,0.0,7.909876898693695,8.694504362651472,12.80375014690448,2.0,2.0,12.0,5.0,0.3942752678310028,0.06441474187008073,0.03038353155353029,0.013204163686578011,3.0,4.0,6.0,2.882999999999999,3.785333333333332,8.073333333333332,7.909876898693695,8.694504362651472,12.80375014690448,-8.335708411043576,-8.140525233664,-7.8441099743010945
10,19,8.956521739130434,1.6582280766035322,-1.937666666666665,"(0, 0, 1, 0, 1, 1, 0, 1, 1, 1, 0, 1, 0, 0, 1, 0, 0, 1, 0, 0, 1, 0, 0, 0, 0)",8.0,12.0,10.0,13.0,8.275333333333334,12.303666666666667,10.213,13.601,0.0,7.342044330995426,5.171027646458659,10.266541428784434,20.0,53.0,6.0,18.0,0.2676033302379592,0.08326886333601045,0.003042441033519505,0.05511281811768641,4.0,2.0,5.0,4.028333333333332,1.937666666666665,5.325666666666667,7.342044330995426,5.171027646458659,10.266541428784434,-5.494888614073186,-5.36164995848539,-8.19309725352548
10,20,9.217391304347826,1.6582280766035322,-1.1270000000000007,"(1, 1, 0, 0, 1, 1, 1, 0, 1, 1, 0, 1, 0, 0, 1, 1, 0, 1, 0, 0, 1, 0, 1, 1, 0)",9.0,11.0,10.0,13.0,9.172333333333333,13.218666666666667,10.299333333333333,14.206,0.0,4.424373605455105,4.181433979854485,8.952570713261997,17.0,8.0,1.0,4.0,0.26277966159924193,0.0027047262830763134,0.003928782634322537,0.0611098140361791,2.0,1.0,4.0,4.046333333333335,1.1270000000000007,5.033666666666667,4.424373605455105,4.181433979854485,8.952570713261997,-0.6268769933191585,-5.064948183526574,-6.498436719579573
10,21,9.478260869565217,1.6582280766035322,-3.394,"(0, 0, 0, 0, 1, 0, 0, 1, 0, 0, 0, 0, 1, 0, 0, 0, 0, 1, 0, 0, 1, 0, 1, 1, 1)",5.0,10.0,8.0,12.0,5.122333333333334,10.54,8.516333333333334,12.593666666666667,0.0,9.484603979262037,8.54882902612185,14.32462166449602,3.0,18.0,1.0,63.0,0.12498179550254777,0.0005488094044618552,0.1858932737368505,0.0012007970615059062,5.0,3.0,7.0,5.4176666666666655,3.394,7.471333333333334,9.484603979262037,8.54882902612185,14.32462166449602,-6.743909637532161,-8.547882221206093,-11.364315127793331
10,22,9.73913043478261,1.6582280766035322,-1.5536666666666665,"(1, 1, 0, 1, 1, 1, 0, 0, 1, 1, 1, 0, 1, 0, 0, 0, 0, 0, 0, 0, 0, 1, 0, 0, 0)",6.0,10.0,8.0,11.0,6.534666666666666,11.099,8.088333333333333,12.679666666666666,0.0,9.038328741957008,7.282283633590276,12.006271415353032,3.0,16.0,1.0,4.0,0.3107275852742874,0.00240589212362175,0.0015557309984547646,0.018496432193993745,4.0,2.0,5.0,4.564333333333334,1.5536666666666665,6.145,9.038328741957008,7.282283633590276,12.006271415353032,-7.418904801175069,-9.499353494660097,-9.719324825532121
10,23,10.0,1.6582280766035322,1.1033333333333335,"(1, 0, 1, 1, 1, 1, 1, 1, 1, 0, 0, 1, 0, 0, 1, 0, 1, 0, 0, 0, 0, 1, 1, 1, 0)",8.0,11.0,9.0,12.0,10.18,11.779,9.076666666666666,13.687333333333333,0.0,6.462105602145762,3.573573628862646,9.391070703363393,13.0,6.0,1.0,1.0,0.2392663275342699,0.001059942621836609,0.032320561879049456,0.058334547327536034,3.0,1.0,4.0,1.5990000000000002,-1.1033333333333335,3.5073333333333334,6.462105602145762,3.573573628862646,9.391070703363393,-8.064138248966028,-7.755378436375908,-9.756578502345272
20,0,4.0,1.6582280766035322,-0.7966666666666669,"(1, 0, 0, 1, 1, 0, 1, 0, 0, 1, 1, 0, 0, 0, 1, 0, 1, 0, 0, 0, 1, 1, 1, 0, 1)",8.0,9.0,11.0,12.0,8.256666666666666,9.053333333333333,11.306,13.438666666666666,0.0,6.021118269929459,6.453160382910307,10.53757880790528,19.0,2.0,10.0,5.0,0.10591108135368255,0.118750551402362,0.12450959348124414,0.0015311448900986633,1.0,3.0,4.0,0.7966666666666669,3.0493333333333332,5.182,6.021118269929459,6.453160382910307,10.53757880790528,-8.6633323333867,-5.6443215815111,-8.88077114573141
20,1,4.260869565217392,1.6582280766035322,-2.2716666666666656,"(0, 1, 0, 1, 1, 0, 0, 1, 1, 0, 0, 0, 0, 0, 0, 0, 0, 0, 1, 1, 0, 1, 1, 0, 1)",6.0,11.0,8.0,10.0,6.017,11.054,8.288666666666666,10.874666666666666,0.0,7.488327684486469,6.0208142614487485,11.784345224434258,9.0,19.0,3.0,2.0,0.3246173300942912,0.06879041909808302,0.11117874408954594,0.05378753212174081,5.0,2.0,4.0,5.037,2.2716666666666656,4.857666666666666,7.488327684486469,6.0208142614487485,11.784345224434258,-4.064860391370988,-6.216941804998252,-11.486012862097883
20,2,4.521739130434782,1.6582280766035322,-2.189,"(0, 0, 0, 0, 0, 0, 0, 0, 0, 1, 1, 0, 0, 0, 0, 1, 1, 1, 0, 1, 1, 0, 0, 0, 1)",5.0,7.0,8.0,11.0,5.073333333333333,7.262333333333333,9.724666666666666,12.596666666666666,0.0,5.754429133320595,7.807057545566074,13.165658424623203,5.0,2.0,2.0,9.0,0.32618922604420464,0.007962055725588769,0.021886991107828647,0.029775930038478726,2.0,3.0,6.0,2.189,4.651333333333333,7.5233333333333325,5.754429133320595,7.807057545566074,13.165658424623203,-5.912294694012409,-5.232910490741895,-9.356261883701452
20,3,4.782608695652174,1.6582280766035322,-1.5699999999999985,"(0, 1, 1, 1, 1, 1, 1, 1, 0, 1, 0, 0, 1, 0, 0, 0, 0, 1, 0, 1, 1, 1, 1, 0, 0)",8.0,10.0,11.0,12.0,9.13,10.7,13.286,14.390333333333333,0.0,6.150082352398196,6.25760001840953,10.529057358067178,1.0,4.0,1.0,1.0,0.22787411100549165,0.05925132997000877,0.0005601722719292143,0.001312711047158746,2.0,3.0,4.0,1.5699999999999985,4.155999999999999,5.260333333333332,6.150082352398196,6.25760001840953,10.529057358067178,-7.594821149903044,-3.4849321563171847,-8.736746105689226
20,4,5.043478260869565,1.6582280766035322,-0.36933333333333174,"(1, 0, 1, 1, 1, 0, 1, 0, 1, 1, 1, 0, 0, 1, 0, 0, 1, 0, 1, 1, 0, 1, 1, 0, 0)",9.0,13.0,11.0,14.0,10.993333333333334,14.697,11.362666666666666,14.676666666666666,0.0,6.937565653599011,6.189317871166277,9.200558722118055,8.0,7.0,6.0,21.0,0.15996301911868865,0.0794474366222279,0.04520324622969629,0.000266590829778455,4.0,2.0,5.0,3.703666666666665,0.36933333333333174,3.683333333333332,6.937565653599011,6.189317871166277,9.200558722118055,-5.362542097030935,-9.650861766033023,-9.148818044632668
20,5,5.304347826086957,1.6582280766035322,-1.5123333333333324,"(1, 1, 1, 0, 0, 0, 0, 1, 1, 0, 0, 1, 0, 1, 1, 1, 0, 1, 0, 0, 0, 0, 0, 1, 1)",8.0,10.0,11.0,13.0,8.587333333333333,10.099666666666666,11.941666666666666,14.231,0.0,5.6184267939044945,6.68604930389107,10.007019522417776,5.0,1.0,1.0,10.0,0.17512020212446217,0.0037512498288900524,0.021189238601807717,0.057298330161467646,2.0,3.0,5.0,1.5123333333333324,3.354333333333333,5.643666666666666,5.6184267939044945,6.68604930389107,10.007019522417776,-6.80883946147726,-5.524744965647227,-7.235434213534693
20,6,5.565217391304348,1.6582280766035322,-2.2479999999999993,"(1, 1, 1, 0, 0, 1, 0, 0, 1, 1, 0, 1, 1, 1, 0, 0, 1, 1, 1, 0, 1, 1, 1, 1, 0)",8.0,9.0,10.0,12.0,8.100666666666667,10.348666666666666,10.691,12.366666666666667,0.0,4.873698139945442,6.7958332149404255,9.712803799737294,8.0,1.0,2.0,4.0,0.23099228908947844,0.0002131137339417024,0.09429764877518323,0.034136962958450145,1.0,2.0,4.0,2.2479999999999993,2.5903333333333336,4.266,4.873698139945442,6.7958332149404255,9.712803799737294,-4.354006376343204,-6.9736779798337105,-9.032042988475185
20,7,5.826086956521739,1.6582280766035322,-0.8490000000000002,"(0, 0, 1, 0, 0, 1, 1, 1, 0, 1, 1, 1, 1, 0, 1, 0, 1, 1, 1, 0, 1, 1, 1, 0, 1)",8.0,11.0,9.0,13.0,8.709333333333333,11.566,9.558333333333334,16.024,0.0,5.796032233286938,4.0502773513733485,9.829054800285405,5.0,3.0,1.0,1.0,0.18108482686792562,0.07037101184371372,0.08064776365355279,0.0014872686584782525,3.0,1.0,5.0,2.8566666666666674,0.8490000000000002,7.3146666666666675,5.796032233286938,4.0502773513733485,9.829054800285405,-4.874138509971383,-5.308447985042277,-4.169428998645345
20,8,6.086956521739131,1.6582280766035322,-1.8713333333333333,"(0, 1, 1, 0, 1, 0, 1, 0, 1, 1, 1, 0, 0, 0, 0, 0, 0, 1, 0, 0, 0, 1, 0, 0, 1)",7.0,10.0,9.0,14.0,7.298666666666667,11.449333333333334,9.17,14.571333333333333,0.0,7.162568778837705,7.04806813014823,11.260787346381301,6.0,10.0,2.0,46.0,0.26537126915690984,0.05683990936788109,0.12303439121156894,0.003477626494234531,3.0,2.0,7.0,4.150666666666667,1.8713333333333333,7.272666666666667,7.162568778837705,7.04806813014823,11.260787346381301,-4.994420646383496,-8.584206985208944,-6.613213683985969
20,9,6.3478260869565215,1.6582280766035322,-1.8650000000000002,"(0, 1, 1, 0, 0, 1, 1, 1, 1, 1, 0, 1, 0, 1, 0, 1, 0, 1, 0, 1, 1, 0, 0, 0, 1)",8.0,10.0,11.0,13.0,8.345666666666666,10.210666666666667,12.412666666666667,15.114333333333333,0.0,4.832730694075132,5.610467299136798,9.73389093344477,14.0,7.0,14.0,5.0,0.18734335548042313,0.15747351754728695,0.00014167632632910326,0.0005020777141314821,2.0,3.0,5.0,1.8650000000000002,4.067,6.768666666666666,4.832730694075132,5.610467299136798,9.73389093344477,-4.921174360713472,-2.559420810748061,-4.917018132597573
20,10,6.608695652173913,1.6582280766035322,-1.9773333333333332,"(0, 0, 1, 0, 0, 1, 0, 0, 1, 1, 1, 0, 0, 0, 1, 1, 0, 0, 0, 1, 0, 0, 1, 1, 0)",6.0,8.0,9.0,11.0,6.022666666666667,8.0,9.663666666666666,12.116666666666667,0.0,6.698753173433492,8.106459837175045,11.667707304001604,9.0,3.0,7.0,29.0,0.2310896256743935,0.17177524753441936,0.06244834628667288,0.08351426929526325,2.0,3.0,5.0,1.9773333333333332,3.640999999999999,6.094,6.698753173433492,8.106459837175045,11.667707304001604,-7.829190940287043,-7.404750876949098,-9.242477942265639
20,11,6.869565217391305,1.6582280766035322,-1.2756666666666678,"(1, 1, 0, 1, 1, 0, 0, 0, 0, 0, 0, 1, 0, 0, 1, 1, 1, 1, 1, 0, 1, 0, 1, 1, 1)",8.0,10.0,9.0,14.0,8.310333333333332,10.57,9.586,15.533333333333333,0.0,7.015732682654462,7.203434888547777,10.509711363840138,12.0,2.0,1.0,32.0,0.2548957284117993,0.06420649915612248,0.07944489698883365,0.08095369149313975,2.0,1.0,6.0,2.259666666666668,1.2756666666666678,7.223000000000001,7.015732682654462,7.203434888547777,10.509711363840138,-7.886642201890864,-9.829591697121453,-5.450117063211603
20,12,7.130434782608695,1.6582280766035322,-1.000333333333332,"(1, 1, 1, 0, 1, 1, 0, 1, 0, 0, 1, 1, 1, 0, 1, 0, 0, 0, 1, 1, 0, 1, 1, 0, 0)",8.0,9.0,11.0,13.0,10.221333333333334,11.221666666666666,11.369666666666667,13.9,0.0,5.036692747497367,6.292782090768135,9.772536860007834,5.0,1.0,12.0,9.0,0.2717652871932134,0.032067261296484496,0.06119578478859802,0.001367108399898716,1.0,3.0,5.0,1.000333333333332,1.1483333333333334,3.6786666666666665,5.036692747497367,6.292782090768135,9.772536860007834,-6.693204507829788,-8.530669368226542,-10.10502664977572
20,13,7.391304347826087,1.6582280766035322,-0.9336666666666664,"(0, 1, 1, 1, 0, 1, 1, 1, 1, 0, 1, 1, 1, 1, 0, 0, 0, 0, 0, 0, 0, 0, 0, 1, 0)",6.0,8.0,7.0,12.0,6.274666666666667,8.323333333333334,7.208333333333333,12.692,0.0,7.431293851029509,5.976207926188114,12.949185961600815,6.0,1.0,1.0,24.0,0.32329648353069695,0.08616531930138853,0.1227568781526567,0.05960452541412845,2.0,1.0,6.0,2.0486666666666675,0.9336666666666664,6.417333333333334,7.431293851029509,5.976207926188114,12.949185961600815,-8.925623522999881,-8.361683493970203,-10.831301420429712
20,14,7.6521739130434785,1.6582280766035322,-3.134333333333333,"(0, 0, 1, 0, 0, 0, 0, 1, 0, 0, 0, 0, 0, 1, 1, 0, 1, 0, 0, 0, 0, 0, 0, 1, 0)",5.0,8.0,9.0,11.0,5.406,8.540333333333333,9.361666666666666,12.243,0.0,7.191698318716706,7.4864852088457985,12.568889776988199,3.0,1.0,3.0,6.0,0.1737982754911606,0.11696137003826172,0.007976591320000488,0.00010507864740871961,3.0,4.0,6.0,3.134333333333333,3.9556666666666667,6.837000000000001,7.191698318716706,7.4864852088457985,12.568889776988199,-6.728036535790789,-5.854902440033789,-9.504780560198588
20,15,7.913043478260869,1.6582280766035322,-1.3350000000000009,"(1, 1, 1, 0, 0, 0, 0, 0, 0, 1, 0, 1, 1, 0, 0, 1, 0, 1, 0, 1, 1, 1, 0, 0, 1)",8.0,10.0,9.0,12.0,8.553333333333333,10.239,9.888333333333334,12.851666666666667,0.0,6.0191007591029235,6.143412590578969,9.836977445540287,25.0,8.0,1.0,16.0,0.16973369887294196,0.07067832532134488,0.0972069425764963,0.03856594123999408,2.0,1.0,4.0,1.685666666666668,1.3350000000000009,4.298333333333334,6.0191007591029235,6.143412590578969,9.836977445540287,-7.185822080188745,-7.973444761591971,-9.184335173176413
20,16,8.173913043478262,1.6582280766035322,-0.004666666666667041,"(1, 1, 1, 1, 1, 1, 0, 1, 1, 1, 0, 1, 0, 0, 0, 1, 0, 0, 0, 1, 0, 1, 1, 0, 0)",8.0,10.0,8.0,12.0,8.008,10.046666666666667,8.012666666666666,14.248,0.0,6.312966411411681,3.87416431725985,10.049322763127574,23.0,6.0,1.0,2.0,0.19125039288939175,0.1263289330855706,0.038113825608131875,0.00029958508844276705,2.0,0.0,4.0,2.0386666666666677,0.004666666666667041,6.24,6.312966411411681,3.87416431725985,10.049322763127574,-7.087763844555492,-6.416509646565021,-6.316725958663089
20,17,8.434782608695652,1.6582280766035322,-2.024333333333333,"(1, 1, 1, 1, 1, 0, 0, 0, 0, 0, 1, 0, 1, 1, 0, 0, 0, 1, 0, 1, 1, 1, 0, 0, 0)",8.0,11.0,10.0,13.0,8.564666666666668,13.171,10.589,15.410333333333334,0.0,6.233703109350032,6.436541252631458,11.23899085955217,7.0,1.0,6.0,1.0,0.1608030106392699,0.1301150360316771,0.12123607161374972,0.0051565183611585715,3.0,2.0,5.0,4.606333333333332,2.024333333333333,6.845666666666666,6.233703109350032,6.436541252631458,11.23899085955217,-2.698550253606894,-7.316447051592603,-7.285133526264293
20,18,8.695652173913043,1.6582280766035322,-1.6166666666666671,"(0, 0, 1, 0, 1, 1, 0, 1, 1, 1, 0, 0, 1, 0, 1, 0, 0, 1, 0, 0, 1, 0, 0, 0, 0)",7.0,10.0,9.0,13.0,7.988333333333333,10.349,9.605,14.301,0.0,6.789154240742995,5.499485778921006,11.362390665586082,9.0,8.0,3.0,25.0,0.2492614462060139,0.11366210101466669,0.010124917056222793,0.039759226339486926,3.0,2.0,6.0,2.360666666666667,1.6166666666666671,6.312666666666667,6.789154240742995,5.499485778921006,11.362390665586082,-7.343442432223232,-6.438599668312946,-8.373594114106838
20,19,8.956521739130434,1.6582280766035322,-1.1270000000000007,"(1, 1, 0, 0, 1, 1, 1, 0, 1, 1, 0, 1, 0, 0, 1, 1, 0, 1, 0, 0, 1, 0, 1, 1, 0)",9.0,11.0,10.0,13.0,9.172333333333333,13.218666666666667,10.299333333333333,14.206,0.0,4.424373605455105,4.181433979854485,8.952570713261997,17.0,8.0,1.0,4.0,0.26277966159924193,0.0027047262830763134,0.003928782634322537,0.0611098140361791,2.0,1.0,4.0,4.046333333333335,1.1270000000000007,5.033666666666667,4.424373605455105,4.181433979854485,8.952570713261997,-0.6268769933191585,-5.064948183526574,-6.498436719579573
20,20,9.217391304347826,1.6582280766035322,-3.394,"(0, 0, 0, 0, 1, 0, 0, 1, 0, 0, 0, 0, 1, 0, 0, 0, 0, 1, 0, 0, 1, 0, 1, 1, 1)",5.0,10.0,8.0,12.0,5.122333333333334,10.54,8.516333333333334,12.593666666666667,0.0,9.484603979262037,8.54882902612185,14.32462166449602,3.0,18.0,1.0,63.0,0.12498179550254777,0.0005488094044618552,0.1858932737368505,0.0012007970615059062,5.0,3.0,7.0,5.4176666666666655,3.394,7.471333333333334,9.484603979262037,8.54882902612185,14.32462166449602,-6.743909637532161,-8.547882221206093,-11.364315127793331
20,21,9.478260869565217,1.6582280766035322,-0.690666666666667,"(1, 1, 0, 1, 1, 1, 0, 0, 1, 1, 1, 0, 1, 0, 0, 0, 0, 0, 0, 0, 0, 1, 0, 1, 1)",7.0,11.0,9.0,12.0,8.430333333333333,11.228,9.121,12.814,0.0,7.395374788414636,6.780301145289573,10.559660878458718,4.0,18.0,1.0,3.0,0.18902858455713042,9.137744990437987e-05,0.07198477274557252,7.609943460475761e-05,4.0,2.0,5.0,2.7976666666666663,0.690666666666667,4.383666666666667,7.395374788414636,6.780301145289573,10.559660878458718,-7.624048695510575,-10.098002868705414,-10.241207002934482
20,22,9.73913043478261,1.6582280766035322,1.1033333333333335,"(1, 0, 1, 1, 1, 1, 1, 1, 1, 0, 0, 1, 0, 0, 1, 0, 1, 0, 0, 0, 0, 1, 1, 1, 0)",8.0,11.0,9.0,12.0,10.18,11.779,9.076666666666666,13.687333333333333,0.0,6.462105602145762,3.573573628862646,9.391070703363393,13.0,6.0,1.0,1.0,0.2392663275342699,0.001059942621836609,0.032320561879049456,0.058334547327536034,3.0,1.0,4.0,1.5990000000000002,-1.1033333333333335,3.5073333333333334,6.462105602145762,3.573573628862646,9.391070703363393,-8.064138248966028,-7.755378436375908,-9.756578502345272
20,23,10.0,1.6582280766035322,-1.655666666666665,"(1, 1, 1, 1, 0, 0, 0, 1, 0, 0, 1, 1, 0, 0, 1, 1, 1, 1, 1, 0, 1, 1, 0, 0, 0)",8.0,11.0,12.0,14.0,9.367,11.022666666666666,12.206666666666667,16.143,0.0,5.766294676446514,6.105660264701631,10.482138715877502,1.0,10.0,28.0,10.0,0.10178354743481118,0.042770436460034644,0.001262655898739524,0.0008431961298842181,3.0,4.0,6.0,1.655666666666665,2.839666666666666,6.776,5.766294676446514,6.105660264701631,10.482138715877502,-6.816358778289845,-5.415762282268969,-6.145623274455436
30,0,4.0,1.6582280766035322,-2.2716666666666656,"(0, 1, 0, 1, 1, 0, 0, 1, 1, 0, 0, 0, 0, 0, 0, 0, 0, 0, 1, 1, 0, 1, 1, 0, 1)",6.0,11.0,8.0,10.0,6.017,11.054,8.288666666666666,10.874666666666666,0.0,7.488327684486469,6.0208142614487485,11.784345224434258,9.0,19.0,3.0,2.0,0.3246173300942912,0.06879041909808302,0.11117874408954594,0.05378753212174081,5.0,2.0,4.0,5.037,2.2716666666666656,4.857666666666666,7.488327684486469,6.0208142614487485,11.784345224434258,-4.064860391370988,-6.216941804998252,-11.486012862097883
30,1,4.260869565217392,1.6582280766035322,-2.189,"(0, 0, 0, 0, 0, 0, 0, 0, 0, 1, 1, 0, 0, 0, 0, 1, 1, 1, 0, 1, 1, 0, 0, 0, 1)",5.0,7.0,8.0,11.0,5.073333333333333,7.262333333333333,9.724666666666666,12.596666666666666,0.0,5.754429133320595,7.807057545566074,13.165658424623203,5.0,2.0,2.0,9.0,0.32618922604420464,0.007962055725588769,0.021886991107828647,0.029775930038478726,2.0,3.0,6.0,2.189,4.651333333333333,7.5233333333333325,5.754429133320595,7.807057545566074,13.165658424623203,-5.912294694012409,-5.232910490741895,-9.356261883701452
30,2,4.521739130434782,1.6582280766035322,-1.5699999999999985,"(0, 1, 1, 1, 1, 1, 1, 1, 0, 1, 0, 0, 1, 0, 0, 0, 0, 1, 0, 1, 1, 1, 1, 0, 0)",8.0,10.0,11.0,12.0,9.13,10.7,13.286,14.390333333333333,0.0,6.150082352398196,6.25760001840953,10.529057358067178,1.0,4.0,1.0,1.0,0.22787411100549165,0.05925132997000877,0.0005601722719292143,0.001312711047158746,2.0,3.0,4.0,1.5699999999999985,4.155999999999999,5.260333333333332,6.150082352398196,6.25760001840953,10.529057358067178,-7.594821149903044,-3.4849321563171847,-8.736746105689226
30,3,4.782608695652174,1.6582280766035322,-0.36933333333333174,"(1, 0, 1, 1, 1, 0, 1, 0, 1, 1, 1, 0, 0, 1, 0, 0, 1, 0, 1, 1, 0, 1, 1, 0, 0)",9.0,13.0,11.0,14.0,10.993333333333334,14.697,11.362666666666666,14.676666666666666,0.0,6.937565653599011,6.189317871166277,9.200558722118055,8.0,7.0,6.0,21.0,0.15996301911868865,0.0794474366222279,0.04520324622969629,0.000266590829778455,4.0,2.0,5.0,3.703666666666665,0.36933333333333174,3.683333333333332,6.937565653599011,6.189317871166277,9.200558722118055,-5.362542097030935,-9.650861766033023,-9.148818044632668
30,4,5.043478260869565,1.6582280766035322,-1.5123333333333324,"(1, 1, 1, 0, 0, 0, 0, 1, 1, 0, 0, 1, 0, 1, 1, 1, 0, 1, 0, 0, 0, 0, 0, 1, 1)",8.0,10.0,11.0,13.0,8.587333333333333,10.099666666666666,11.941666666666666,14.231,0.0,5.6184267939044945,6.68604930389107,10.007019522417776,5.0,1.0,1.0,10.0,0.17512020212446217,0.0037512498288900524,0.021189238601807717,0.057298330161467646,2.0,3.0,5.0,1.5123333333333324,3.354333333333333,5.643666666666666,5.6184267939044945,6.68604930389107,10.007019522417776,-6.80883946147726,-5.524744965647227,-7.235434213534693
30,5,5.304347826086957,1.6582280766035322,-2.2479999999999993,"(1, 1, 1, 0, 0, 1, 0, 0, 1, 1, 0, 1, 1, 1, 0, 0, 1, 1, 1, 0, 1, 1, 1, 1, 0)",8.0,9.0,10.0,12.0,8.100666666666667,10.348666666666666,10.691,12.366666666666667,0.0,4.873698139945442,6.7958332149404255,9.712803799737294,8.0,1.0,2.0,4.0,0.23099228908947844,0.0002131137339417024,0.09429764877518323,0.034136962958450145,1.0,2.0,4.0,2.2479999999999993,2.5903333333333336,4.266,4.873698139945442,6.7958332149404255,9.712803799737294,-4.354006376343204,-6.9736779798337105,-9.032042988475185
30,6,5.565217391304348,1.6582280766035322,-0.26066666666666727,"(0, 0, 1, 0, 0, 1, 1, 1, 1, 1, 1, 1, 1, 1, 1, 0, 1, 1, 1, 0, 1, 1, 1, 0, 1)",9.0,11.0,9.0,13.0,9.014666666666667,11.06,9.275333333333334,14.828,0.0,6.072762862137456,3.081208863406244,10.17242777305898,14.0,4.0,1.0,3.0,0.06580950683880313,0.0635551619813305,0.12170088154795931,0.002217861124003884,2.0,0.0,4.0,2.0453333333333337,0.26066666666666727,5.813333333333333,6.072762862137456,3.081208863406244,10.17242777305898,-6.67839672120513,-4.67710226187857,-7.228372788519411
30,7,5.826086956521739,1.6582280766035322,-1.8713333333333333,"(0, 1, 1, 0, 1, 0, 1, 0, 1, 1, 1, 0, 0, 0, 0, 0, 0, 1, 0, 0, 0, 1, 0, 0, 1)",7.0,10.0,9.0,14.0,7.298666666666667,11.449333333333334,9.17,14.571333333333333,0.0,7.162568778837705,7.04806813014823,11.260787346381301,6.0,10.0,2.0,46.0,0.26537126915690984,0.05683990936788109,0.12303439121156894,0.003477626494234531,3.0,2.0,7.0,4.150666666666667,1.8713333333333333,7.272666666666667,7.162568778837705,7.04806813014823,11.260787346381301,-4.994420646383496,-8.584206985208944,-6.613213683985969
30,8,6.086956521739131,1.6582280766035322,-1.944,"(0, 0, 0, 0, 0, 0, 1, 1, 1, 0, 0, 1, 0, 1, 0, 1, 0, 1, 0, 1, 0, 1, 0, 0, 1)",7.0,10.0,9.0,11.0,7.115666666666667,10.082666666666666,9.059666666666667,12.101333333333333,0.0,7.9586472289022465,6.568886277900827,11.680613845864501,19.0,5.0,3.0,4.0,0.09418762701481023,0.06272871481429153,0.06716909265958186,0.05905130141191916,3.0,2.0,4.0,2.9669999999999996,1.944,4.985666666666666,7.9586472289022465,6.568886277900827,11.680613845864501,-8.277289583465924,-7.669116277113558,-11.10174938392347
30,9,6.3478260869565215,1.6582280766035322,-2.2423333333333337,"(0, 0, 1, 0, 0, 1, 0, 0, 1, 1, 1, 0, 0, 0, 1, 0, 1, 0, 0, 1, 0, 0, 1, 1, 0)",7.0,9.0,10.0,11.0,7.195333333333333,9.437666666666667,10.028,12.613333333333333,0.0,6.6353720113944235,7.061168131953397,10.405629914898656,12.0,3.0,4.0,4.0,0.19159446089040716,0.05811505142779457,0.13715018041071703,0.028901892062843278,2.0,3.0,4.0,2.2423333333333337,2.8326666666666673,5.418,6.6353720113944235,7.061168131953397,10.405629914898656,-7.284660077566165,-7.011819851697632,-8.270627960592638
30,10,6.608695652173913,1.6582280766035322,-0.7966666666666669,"(1, 0, 0, 1, 1, 0, 1, 0, 0, 1, 1, 0, 0, 0, 1, 0, 1, 0, 0, 0, 1, 1, 1, 0, 1)",8.0,9.0,11.0,12.0,8.256666666666666,9.053333333333333,11.306,13.438666666666666,0.0,6.021118269929459,6.453160382910307,10.53757880790528,19.0,2.0,10.0,5.0,0.10591108135368255,0.118750551402362,0.12450959348124414,0.0015311448900986633,1.0,3.0,4.0,0.7966666666666669,3.0493333333333332,5.182,6.021118269929459,6.453160382910307,10.53757880790528,-8.6633323333867,-5.6443215815111,-8.88077114573141
30,11,6.869565217391305,1.6582280766035322,-1.000333333333332,"(1, 1, 1, 0, 1, 1, 0, 1, 0, 0, 1, 1, 1, 0, 1, 0, 0, 0, 1, 1, 0, 1, 1, 0, 0)",8.0,9.0,11.0,13.0,10.221333333333334,11.221666666666666,11.369666666666667,13.9,0.0,5.036692747497367,6.292782090768135,9.772536860007834,5.0,1.0,12.0,9.0,0.2717652871932134,0.032067261296484496,0.06119578478859802,0.001367108399898716,1.0,3.0,5.0,1.000333333333332,1.1483333333333334,3.6786666666666665,5.036692747497367,6.292782090768135,9.772536860007834,-6.693204507829788,-8.530669368226542,-10.10502664977572
30,12,7.130434782608695,1.6582280766035322,-0.6180000000000003,"(0, 1, 1, 1, 0, 1, 1, 1, 1, 0, 1, 1, 1, 1, 0, 0, 0, 1, 1, 0, 0, 0, 0, 1, 0)",7.0,9.0,8.0,12.0,7.382,9.099666666666666,8.0,12.485,0.0,7.087404985076546,5.889611571076595,11.317102614338397,8.0,6.0,1.0,8.0,0.16036365237704586,0.06238684111834445,0.12501399140929975,4.9881240646531753e-05,2.0,1.0,5.0,1.7176666666666662,0.6180000000000003,5.103,7.087404985076546,5.889611571076595,11.317102614338397,-8.9042508436011,-8.741534316107266,-10.304399425991342
30,13,7.391304347826087,1.6582280766035322,-3.134333333333333,"(0, 0, 1, 0, 0, 0, 0, 1, 0, 0, 0, 0, 0, 1, 1, 0, 1, 0, 0, 0, 0, 0, 0, 1, 0)",5.0,8.0,9.0,11.0,5.406,8.540333333333333,9.361666666666666,12.243,0.0,7.191698318716706,7.4864852088457985,12.568889776988199,3.0,1.0,3.0,6.0,0.1737982754911606,0.11696137003826172,0.007976591320000488,0.00010507864740871961,3.0,4.0,6.0,3.134333333333333,3.9556666666666667,6.837000000000001,7.191698318716706,7.4864852088457985,12.568889776988199,-6.728036535790789,-5.854902440033789,-9.504780560198588
30,14,7.6521739130434785,1.6582280766035322,-1.5269999999999992,"(1, 1, 1, 0, 0, 0, 0, 0, 0, 1, 0, 1, 1, 1, 1, 1, 0, 1, 0, 1, 1, 1, 0, 0, 1)",9.0,11.0,10.0,13.0,9.084333333333333,11.832333333333333,10.611333333333333,14.541333333333334,0.0,6.090791486281417,6.670535658996624,9.860782230817753,34.0,2.0,1.0,2.0,0.16988950060588323,0.01279234618110957,0.11789594996694498,0.006273980988063487,2.0,1.0,4.0,2.7479999999999993,1.5269999999999992,5.457000000000001,6.090791486281417,6.670535658996624,9.860782230817753,-5.543110696783098,-8.529155242759654,-7.302475338389733
30,15,7.913043478260869,1.6582280766035322,-0.004666666666667041,"(1, 1, 1, 1, 1, 1, 0, 1, 1, 1, 0, 1, 0, 0, 0, 1, 0, 0, 0, 1, 0, 1, 1, 0, 0)",8.0,10.0,8.0,12.0,8.008,10.046666666666667,8.012666666666666,14.248,0.0,6.312966411411681,3.87416431725985,10.049322763127574,23.0,6.0,1.0,2.0,0.19125039288939175,0.1263289330855706,0.038113825608131875,0.00029958508844276705,2.0,0.0,4.0,2.0386666666666677,0.004666666666667041,6.24,6.312966411411681,3.87416431725985,10.049322763127574,-7.087763844555492,-6.416509646565021,-6.316725958663089
30,16,8.173913043478262,1.6582280766035322,-2.024333333333333,"(1, 1, 1, 1, 1, 0, 0, 0, 0, 0, 1, 0, 1, 1, 0, 0, 0, 1, 0, 1, 1, 1, 0, 0, 0)",8.0,11.0,10.0,13.0,8.564666666666668,13.171,10.589,15.410333333333334,0.0,6.233703109350032,6.436541252631458,11.23899085955217,7.0,1.0,6.0,1.0,0.1608030106392699,0.1301150360316771,0.12123607161374972,0.0051565183611585715,3.0,2.0,5.0,4.606333333333332,2.024333333333333,6.845666666666666,6.233703109350032,6.436541252631458,11.23899085955217,-2.698550253606894,-7.316447051592603,-7.285133526264293
30,17,8.434782608695652,1.6582280766035322,-1.6166666666666671,"(0, 0, 1, 0, 1, 1, 0, 1, 1, 1, 0, 0, 1, 0, 1, 0, 0, 1, 0, 0, 1, 0, 0, 0, 0)",7.0,10.0,9.0,13.0,7.988333333333333,10.349,9.605,14.301,0.0,6.789154240742995,5.499485778921006,11.362390665586082,9.0,8.0,3.0,25.0,0.2492614462060139,0.11366210101466669,0.010124917056222793,0.039759226339486926,3.0,2.0,6.0,2.360666666666667,1.6166666666666671,6.312666666666667,6.789154240742995,5.499485778921006,11.362390665586082,-7.343442432223232,-6.438599668312946,-8.373594114106838
30,18,8.695652173913043,1.6582280766035322,-1.1270000000000007,"(1, 1, 0, 0, 1, 1, 1, 0, 1, 1, 0, 1, 0, 0, 1, 1, 0, 1, 0, 0, 1, 0, 1, 1, 0)",9.0,11.0,10.0,13.0,9.172333333333333,13.218666666666667,10.299333333333333,14.206,0.0,4.424373605455105,4.181433979854485,8.952570713261997,17.0,8.0,1.0,4.0,0.26277966159924193,0.0027047262830763134,0.003928782634322537,0.0611098140361791,2.0,1.0,4.0,4.046333333333335,1.1270000000000007,5.033666666666667,4.424373605455105,4.181433979854485,8.952570713261997,-0.6268769933191585,-5.064948183526574,-6.498436719579573
30,19,8.956521739130434,1.6582280766035322,-2.6479999999999997,"(1, 1, 0, 0, 1, 0, 0, 1, 0, 0, 0, 0, 1, 0, 0, 0, 0, 1, 1, 1, 1, 0, 1, 1, 1)",7.0,10.0,10.0,11.0,7.464,11.677,10.112,13.519,0.0,7.2610491018315475,6.92948639791467,10.358140105260372,4.0,2.0,12.0,2.0,0.14864625257155162,0.02719500117623825,0.06760091449858213,0.015914356512255215,3.0,3.0,4.0,4.212999999999999,2.6479999999999997,6.055,7.2610491018315475,6.92948639791467,10.358140105260372,-5.054360599523252,-7.099680954618229,-7.135587740101427
30,20,9.217391304347826,1.6582280766035322,-0.690666666666667,"(1, 1, 0, 1, 1, 1, 0, 0, 1, 1, 1, 0, 1, 0, 0, 0, 0, 0, 0, 0, 0, 1, 0, 1, 1)",7.0,11.0,9.0,12.0,8.430333333333333,11.228,9.121,12.814,0.0,7.395374788414636,6.780301145289573,10.559660878458718,4.0,18.0,1.0,3.0,0.18902858455713042,9.137744990437987e-05,0.07198477274557252,7.609943460475761e-05,4.0,2.0,5.0,2.7976666666666663,0.690666666666667,4.383666666666667,7.395374788414636,6.780301145289573,10.559660878458718,-7.624048695510575,-10.098002868705414,-10.241207002934482
30,21,9.478260869565217,1.6582280766035322,1.1033333333333335,"(1, 0, 1, 1, 1, 1, 1, 1, 1, 0, 0, 1, 0, 0, 1, 0, 1, 0, 0, 0, 0, 1, 1, 1, 0)",8.0,11.0,9.0,12.0,10.18,11.779,9.076666666666666,13.687333333333333,0.0,6.462105602145762,3.573573628862646,9.391070703363393,13.0,6.0,1.0,1.0,0.2392663275342699,0.001059942621836609,0.032320561879049456,0.058334547327536034,3.0,1.0,4.0,1.5990000000000002,-1.1033333333333335,3.5073333333333334,6.462105602145762,3.573573628862646,9.391070703363393,-8.064138248966028,-7.755378436375908,-9.756578502345272
30,22,9.73913043478261,1.6582280766035322,-0.37400000000000055,"(1, 1, 1, 1, 1, 0, 0, 1, 0, 0, 1, 1, 0, 1, 0, 1, 1, 1, 1, 0, 1, 1, 0, 0, 1)",9.0,10.0,11.0,13.0,9.826666666666666,10.200666666666667,11.611,13.789333333333333,0.0,3.154852614763847,5.1870940340453044,8.690395641972774,23.0,4.0,22.0,7.0,0.35113505931785916,0.027041278075175305,0.005920230392935331,0.08079819923770118,1.0,2.0,4.0,0.37400000000000055,1.7843333333333344,3.9626666666666672,3.154852614763847,5.1870940340453044,8.690395641972774,-4.611287882697757,-5.642553331883698,-7.839652925424634
30,23,10.0,1.6582280766035322,-0.19666666666666544,"(1, 1, 0, 1, 1, 1, 0, 0, 0, 0, 1, 1, 0, 0, 1, 1, 1, 1, 1, 0, 1, 0, 1, 1, 1)",9.0,12.0,11.0,14.0,11.012,13.445,11.208666666666666,16.133333333333333,0.0,5.963568543293113,4.461324454428753,9.122502241601046,6.0,3.0,3.0,17.0,0.14017750660060183,0.034999083395203155,0.04796574574506253,0.0034451221468826962,3.0,2.0,5.0,2.433,0.19666666666666544,5.121333333333332,5.963568543293113,4.461324454428753,9.122502241601046,-5.854487884861874,-7.071775280773001,-6.634850622922625
40,0,4.0,1.6582280766035322,-3.87,"(0, 0, 0, 0, 1, 0, 0, 0, 0, 1, 0, 0, 0, 1, 0, 0, 1, 1, 0, 1, 1, 1, 1, 0, 1)",6.0,9.0,10.0,11.0,6.06,9.93,10.034,12.172,0.0,6.209640377482875,6.999362286587104,10.854346432427572,4.0,2.0,4.0,4.0,0.12506937797141549,0.07258972054906773,0.030454702345688537,0.12278568599053001,3.0,4.0,5.0,3.87,3.974000000000001,6.112000000000001,6.209640377482875,6.999362286587104,10.854346432427572,-3.879657363097389,-5.016740685516195,-7.863892003231995
40,1,4.260869565217392,1.6582280766035322,-1.5699999999999985,"(0, 1, 1, 1, 1, 1, 1, 1, 0, 1, 0, 0, 1, 0, 0, 0, 0, 1, 0, 1, 1, 1, 1, 0, 0)",8.0,10.0,11.0,12.0,9.13,10.7,13.286,14.390333333333333,0.0,6.150082352398196,6.25760001840953,10.529057358067178,1.0,4.0,1.0,1.0,0.22787411100549165,0.05925132997000877,0.0005601722719292143,0.001312711047158746,2.0,3.0,4.0,1.5699999999999985,4.155999999999999,5.260333333333332,6.150082352398196,6.25760001840953,10.529057358067178,-7.594821149903044,-3.4849321563171847,-8.736746105689226
40,2,4.521739130434782,1.6582280766035322,-0.36933333333333174,"(1, 0, 1, 1, 1, 0, 1, 0, 1, 1, 1, 0, 0, 1, 0, 0, 1, 0, 1, 1, 0, 1, 1, 0, 0)",9.0,13.0,11.0,14.0,10.993333333333334,14.697,11.362666666666666,14.676666666666666,0.0,6.937565653599011,6.189317871166277,9.200558722118055,8.0,7.0,6.0,21.0,0.15996301911868865,0.0794474366222279,0.04520324622969629,0.000266590829778455,4.0,2.0,5.0,3.703666666666665,0.36933333333333174,3.683333333333332,6.937565653599011,6.189317871166277,9.200558722118055,-5.362542097030935,-9.650861766033023,-9.148818044632668
40,3,4.782608695652174,1.6582280766035322,-0.21066666666666656,"(1, 1, 1, 0, 0, 0, 0, 1, 1, 0, 0, 1, 0, 1, 1, 1, 1, 0, 0, 0, 0, 0, 0, 1, 1)",7.0,9.0,11.0,12.0,8.893333333333333,9.104,11.85,13.21,0.0,5.161612595934832,6.989532679044126,11.261478274746551,3.0,1.0,18.0,6.0,0.21704989736335814,0.011791467104105573,0.025025309417953636,0.03231455023483021,2.0,4.0,5.0,0.21066666666666656,2.956666666666667,4.316666666666668,5.161612595934832,6.989532679044126,11.261478274746551,-8.209797545658438,-6.687411650904431,-11.516081595240188
40,4,5.043478260869565,1.6582280766035322,-1.9130000000000003,"(1, 1, 1, 0, 0, 1, 1, 0, 1, 1, 1, 0, 1, 1, 0, 1, 1, 1, 1, 0, 1, 1, 1, 1, 0)",9.0,11.0,12.0,15.0,9.867333333333333,11.780333333333333,13.462333333333333,16.233,0.0,4.614461817303089,6.194034608806395,9.520652015171757,7.0,5.0,2.0,5.0,0.28090820047441006,0.014939469684430173,0.028500301788305087,0.015244728245471623,2.0,3.0,6.0,1.9130000000000003,3.5950000000000006,6.365666666666668,4.614461817303089,6.194034608806395,9.520652015171757,-4.479639833324383,-4.309792160387041,-5.23168528616392
40,5,5.304347826086957,1.6582280766035322,-0.26066666666666727,"(0, 0, 1, 0, 0, 1, 1, 1, 1, 1, 1, 1, 1, 1, 1, 0, 1, 1, 1, 0, 1, 1, 1, 0, 1)",9.0,11.0,9.0,13.0,9.014666666666667,11.06,9.275333333333334,14.828,0.0,6.072762862137456,3.081208863406244,10.17242777305898,14.0,4.0,1.0,3.0,0.06580950683880313,0.0635551619813305,0.12170088154795931,0.002217861124003884,2.0,0.0,4.0,2.0453333333333337,0.26066666666666727,5.813333333333333,6.072762862137456,3.081208863406244,10.17242777305898,-6.67839672120513,-4.67710226187857,-7.228372788519411
40,6,5.565217391304348,1.6582280766035322,-1.9906666666666677,"(0, 1, 0, 1, 1, 0, 0, 0, 0, 0, 1, 1, 0, 0, 0, 0, 0, 0, 1, 1, 0, 1, 1, 0, 1)",6.0,10.0,8.0,11.0,6.043333333333333,10.607,8.034,12.213333333333333,0.0,8.26442448622794,6.729375118581439,12.727812513374241,6.0,10.0,2.0,2.0,0.22659786268726972,0.0019148116596667687,0.18655559522422394,0.027644289625887945,4.0,2.0,5.0,4.563666666666666,1.9906666666666677,6.17,8.26442448622794,6.729375118581439,12.727812513374241,-6.136700521106572,-7.857859401803533,-10.874348830779143
40,7,5.826086956521739,1.6582280766035322,-2.1276666666666673,"(0, 0, 0, 0, 0, 0, 1, 1, 1, 0, 0, 1, 0, 1, 0, 0, 0, 1, 0, 0, 0, 1, 0, 0, 1)",6.0,9.0,8.0,12.0,6.006666666666667,9.798333333333334,8.134333333333334,12.749333333333333,0.0,7.688181017230007,6.306711206611604,12.469119721045889,5.0,2.0,1.0,30.0,0.12577073401865332,0.0058265476410316605,0.07334973195653369,0.05246307598012505,3.0,2.0,6.0,3.791666666666667,2.1276666666666673,6.742666666666666,7.688181017230007,6.306711206611604,12.469119721045889,-6.461309496992708,-6.929808989513386,-9.495765234123681
40,8,6.086956521739131,1.6582280766035322,-2.2423333333333337,"(0, 0, 1, 0, 0, 1, 0, 0, 1, 1, 1, 0, 0, 0, 1, 0, 1, 0, 0, 1, 0, 0, 1, 1, 0)",7.0,9.0,10.0,11.0,7.195333333333333,9.437666666666667,10.028,12.613333333333333,0.0,6.6353720113944235,7.061168131953397,10.405629914898656,12.0,3.0,4.0,4.0,0.19159446089040716,0.05811505142779457,0.13715018041071703,0.028901892062843278,2.0,3.0,4.0,2.2423333333333337,2.8326666666666673,5.418,6.6353720113944235,7.061168131953397,10.405629914898656,-7.284660077566165,-7.011819851697632,-8.270627960592638
40,9,6.3478260869565215,1.6582280766035322,-0.7966666666666669,"(1, 0, 0, 1, 1, 0, 1, 0, 0, 1, 1, 0, 0, 0, 1, 0, 1, 0, 0, 0, 1, 1, 1, 0, 1)",8.0,9.0,11.0,12.0,8.256666666666666,9.053333333333333,11.306,13.438666666666666,0.0,6.021118269929459,6.453160382910307,10.53757880790528,19.0,2.0,10.0,5.0,0.10591108135368255,0.118750551402362,0.12450959348124414,0.0015311448900986633,1.0,3.0,4.0,0.7966666666666669,3.0493333333333332,5.182,6.021118269929459,6.453160382910307,10.53757880790528,-8.6633323333867,-5.6443215815111,-8.88077114573141
40,10,6.608695652173913,1.6582280766035322,-1.000333333333332,"(1, 1, 1, 0, 1, 1, 0, 1, 0, 0, 1, 1, 1, 0, 1, 0, 0, 0, 1, 1, 0, 1, 1, 0, 0)",8.0,9.0,11.0,13.0,10.221333333333334,11.221666666666666,11.369666666666667,13.9,0.0,5.036692747497367,6.292782090768135,9.772536860007834,5.0,1.0,12.0,9.0,0.2717652871932134,0.032067261296484496,0.06119578478859802,0.001367108399898716,1.0,3.0,5.0,1.000333333333332,1.1483333333333334,3.6786666666666665,5.036692747497367,6.292782090768135,9.772536860007834,-6.693204507829788,-8.530669368226542,-10.10502664977572
40,11,6.869565217391305,1.6582280766035322,-0.6180000000000003,"(0, 1, 1, 1, 0, 1, 1, 1, 1, 0, 1, 1, 1, 1, 0, 0, 0, 1, 1, 0, 0, 0, 0, 1, 0)",7.0,9.0,8.0,12.0,7.382,9.099666666666666,8.0,12.485,0.0,7.087404985076546,5.889611571076595,11.317102614338397,8.0,6.0,1.0,8.0,0.16036365237704586,0.06238684111834445,0.12501399140929975,4.9881240646531753e-05,2.0,1.0,5.0,1.7176666666666662,0.6180000000000003,5.103,7.087404985076546,5.889611571076595,11.317102614338397,-8.9042508436011,-8.741534316107266,-10.304399425991342
40,12,7.130434782608695,1.6582280766035322,-3.134333333333333,"(0, 0, 1, 0, 0, 0, 0, 1, 0, 0, 0, 0, 0, 1, 1, 0, 1, 0, 0, 0, 0, 0, 0, 1, 0)",5.0,8.0,9.0,11.0,5.406,8.540333333333333,9.361666666666666,12.243,0.0,7.191698318716706,7.4864852088457985,12.568889776988199,3.0,1.0,3.0,6.0,0.1737982754911606,0.11696137003826172,0.007976591320000488,0.00010507864740871961,3.0,4.0,6.0,3.134333333333333,3.9556666666666667,6.837000000000001,7.191698318716706,7.4864852088457985,12.568889776988199,-6.728036535790789,-5.854902440033789,-9.504780560198588
40,13,7.391304347826087,1.6582280766035322,-1.5269999999999992,"(1, 1, 1, 0, 0, 0, 0, 0, 0, 1, 0, 1, 1, 1, 1, 1, 0, 1, 0, 1, 1, 1, 0, 0, 1)",9.0,11.0,10.0,13.0,9.084333333333333,11.832333333333333,10.611333333333333,14.541333333333334,0.0,6.090791486281417,6.670535658996624,9.860782230817753,34.0,2.0,1.0,2.0,0.16988950060588323,0.01279234618110957,0.11789594996694498,0.006273980988063487,2.0,1.0,4.0,2.7479999999999993,1.5269999999999992,5.457000000000001,6.090791486281417,6.670535658996624,9.860782230817753,-5.543110696783098,-8.529155242759654,-7.302475338389733
40,14,7.6521739130434785,1.6582280766035322,0.21933333333333316,"(1, 1, 1, 1, 1, 1, 0, 1, 1, 1, 0, 1, 0, 0, 0, 1, 0, 0, 0, 1, 0, 1, 1, 1, 1)",9.0,12.0,9.0,13.0,9.271333333333333,13.248333333333333,9.052,14.288333333333334,0.0,5.300986665773359,1.9931164490518192,9.049825789954795,31.0,8.0,1.0,2.0,0.17043804169867838,0.04538554884504686,0.05630039553934697,0.02957474956898437,3.0,0.0,4.0,3.9770000000000003,-0.21933333333333316,5.017000000000001,5.300986665773359,1.9931164490518192,9.049825789954795,-2.1954718622340805,-3.668746347226435,-6.6873449529538584
40,15,7.913043478260869,1.6582280766035322,-1.9023333333333339,"(1, 1, 1, 1, 1, 0, 0, 0, 0, 0, 0, 0, 1, 1, 1, 0, 0, 1, 0, 1, 1, 1, 0, 0, 0)",7.0,10.0,9.0,11.0,7.352666666666667,10.328,9.255,12.042666666666667,0.0,7.455292096249244,5.6446636470276434,11.187889797658169,7.0,1.0,2.0,1.0,0.16462728686087177,0.0605865765617835,0.12870107051338758,0.1257335716116882,3.0,2.0,4.0,2.9753333333333325,1.9023333333333339,4.69,7.455292096249244,5.6446636470276434,11.187889797658169,-7.428793402693191,-6.2056371980924085,-10.774983301152421
40,16,8.173913043478262,1.6582280766035322,-2.003,"(0, 0, 1, 0, 1, 1, 0, 1, 1, 1, 0, 0, 1, 1, 1, 0, 0, 1, 1, 0, 1, 0, 0, 0, 0)",8.0,9.0,10.0,12.0,8.026666666666667,10.795,10.029666666666667,12.793333333333333,0.0,5.92374343232002,5.717745443314844,10.332898188983185,31.0,1.0,9.0,2.0,0.22667189082505557,0.08968605746016976,0.028934852790012733,0.006132961208861774,1.0,2.0,4.0,2.7683333333333326,2.003,4.766666666666666,5.92374343232002,5.717745443314844,10.332898188983185,-5.232389619338055,-6.15989519153971,-9.230081391180873
40,17,8.434782608695652,1.6582280766035322,-1.1270000000000007,"(1, 1, 0, 0, 1, 1, 1, 0, 1, 1, 0, 1, 0, 0, 1, 1, 0, 1, 0, 0, 1, 0, 1, 1, 0)",9.0,11.0,10.0,13.0,9.172333333333333,13.218666666666667,10.299333333333333,14.206,0.0,4.424373605455105,4.181433979854485,8.952570713261997,17.0,8.0,1.0,4.0,0.26277966159924193,0.0027047262830763134,0.003928782634322537,0.0611098140361791,2.0,1.0,4.0,4.046333333333335,1.1270000000000007,5.033666666666667,4.424373605455105,4.181433979854485,8.952570713261997,-0.6268769933191585,-5.064948183526574,-6.498436719579573
40,18,8.695652173913043,1.6582280766035322,-2.3433333333333337,"(1, 1, 0, 0, 1, 0, 0, 1, 0, 0, 0, 0, 1, 0, 0, 1, 1, 0, 1, 1, 0, 0, 1, 1, 1)",6.0,9.0,10.0,12.0,7.108666666666666,9.452,10.877333333333333,14.432666666666666,0.0,6.323984415742891,7.632446129099722,12.511773032127413,1.0,1.0,1.0,6.0,0.17545877718031866,0.016461744326518837,0.15469325533312925,0.03871131392869729,3.0,4.0,6.0,2.3433333333333337,3.7686666666666664,7.324,6.323984415742891,7.632446129099722,12.511773032127413,-6.600827388013769,-6.407027586410595,-8.602510896920315
40,19,8.956521739130434,1.6582280766035322,-0.690666666666667,"(1, 1, 0, 1, 1, 1, 0, 0, 1, 1, 1, 0, 1, 0, 0, 0, 0, 0, 0, 0, 0, 1, 0, 1, 1)",7.0,11.0,9.0,12.0,8.430333333333333,11.228,9.121,12.814,0.0,7.395374788414636,6.780301145289573,10.559660878458718,4.0,18.0,1.0,3.0,0.18902858455713042,9.137744990437987e-05,0.07198477274557252,7.609943460475761e-05,4.0,2.0,5.0,2.7976666666666663,0.690666666666667,4.383666666666667,7.395374788414636,6.780301145289573,10.559660878458718,-7.624048695510575,-10.098002868705414,-10.241207002934482
40,20,9.217391304347826,1.6582280766035322,1.1033333333333335,"(1, 0, 1, 1, 1, 1, 1, 1, 1, 0, 0, 1, 0, 0, 1, 0, 1, 0, 0, 0, 0, 1, 1, 1, 0)",8.0,11.0,9.0,12.0,10.18,11.779,9.076666666666666,13.687333333333333,0.0,6.462105602145762,3.573573628862646,9.391070703363393,13.0,6.0,1.0,1.0,0.2392663275342699,0.001059942621836609,0.032320561879049456,0.058334547327536034,3.0,1.0,4.0,1.5990000000000002,-1.1033333333333335,3.5073333333333334,6.462105602145762,3.573573628862646,9.391070703363393,-8.064138248966028,-7.755378436375908,-9.756578502345272
40,21,9.478260869565217,1.6582280766035322,-0.37400000000000055,"(1, 1, 1, 1, 1, 0, 0, 1, 0, 0, 1, 1, 0, 1, 0, 1, 1, 1, 1, 0, 1, 1, 0, 0, 1)",9.0,10.0,11.0,13.0,9.826666666666666,10.200666666666667,11.611,13.789333333333333,0.0,3.154852614763847,5.1870940340453044,8.690395641972774,23.0,4.0,22.0,7.0,0.35113505931785916,0.027041278075175305,0.005920230392935331,0.08079819923770118,1.0,2.0,4.0,0.37400000000000055,1.7843333333333344,3.9626666666666672,3.154852614763847,5.1870940340453044,8.690395641972774,-4.611287882697757,-5.642553331883698,-7.839652925424634
40,22,9.73913043478261,1.6582280766035322,-1.113999999999999,"(0, 1, 1, 1, 1, 1, 0, 0, 1, 1, 1, 0, 0, 0, 0, 0, 0, 1, 0, 0, 0, 1, 0, 1, 1)",7.0,10.0,8.0,12.0,7.014666666666667,10.043,8.128666666666666,13.792666666666667,0.0,7.303766899560495,5.725382504845423,12.003406365731788,11.0,6.0,1.0,4.0,0.06513216332524355,0.07962866852207116,0.06821407789740244,0.05261876917731012,3.0,1.0,5.0,3.0283333333333324,1.113999999999999,6.7780000000000005,7.303766899560495,5.725382504845423,12.003406365731788,-7.089643979171048,-7.646723941493006,-8.664915547319275
40,23,10.0,1.6582280766035322,-0.19666666666666544,"(1, 1, 0, 1, 1, 1, 0, 0, 0, 0, 1, 1, 0, 0, 1, 1, 1, 1, 1, 0, 1, 0, 1, 1, 1)",9.0,12.0,11.0,14.0,11.012,13.445,11.208666666666666,16.133333333333333,0.0,5.963568543293113,4.461324454428753,9.122502241601046,6.0,3.0,3.0,17.0,0.14017750660060183,0.034999083395203155,0.04796574574506253,0.0034451221468826962,3.0,2.0,5.0,2.433,0.19666666666666544,5.121333333333332,5.963568543293113,4.461324454428753,9.122502241601046,-5.854487884861874,-7.071775280773001,-6.634850622922625
49,0,4.0,1.6582280766035322,-3.0029999999999992,"(1, 0, 0, 0, 0, 1, 0, 1, 1, 0, 0, 0, 1, 0, 1, 0, 1, 1, 0, 0, 1, 1, 1, 0, 1)",7.0,10.0,10.0,12.0,7.078,10.446333333333333,10.081,13.274333333333333,0.0,7.069754068438923,8.0362799400219,10.486035551857519,6.0,10.0,4.0,8.0,0.0691670005928184,0.0706298702273437,0.06211534686640006,0.054901267656696534,3.0,3.0,5.0,3.368333333333333,3.0029999999999992,6.196333333333333,7.069754068438923,8.0362799400219,10.486035551857519,-6.137799786274574,-8.34632611394966,-7.113304659025267
49,1,4.260869565217392,1.6582280766035322,-1.761333333333333,"(0, 1, 1, 1, 1, 1, 0, 0, 0, 1, 0, 0, 1, 0, 0, 0, 0, 1, 0, 1, 1, 1, 1, 0, 0)",7.0,10.0,10.0,11.0,8.648,10.409333333333333,10.505,12.267333333333333,0.0,7.352785963980537,5.9232459638970365,10.656750132343854,4.0,4.0,17.0,1.0,0.18575346621791708,0.10356360721207084,0.06093259152183882,0.028024318246388354,3.0,3.0,4.0,1.761333333333333,1.857000000000001,3.6193333333333335,7.352785963980537,5.9232459638970365,10.656750132343854,-9.271903741137873,-6.742763223709857,-11.669642122880601
49,2,4.521739130434782,1.6582280766035322,-0.36933333333333174,"(1, 0, 1, 1, 1, 0, 1, 0, 1, 1, 1, 0, 0, 1, 0, 0, 1, 0, 1, 1, 0, 1, 1, 0, 0)",9.0,13.0,11.0,14.0,10.993333333333334,14.697,11.362666666666666,14.676666666666666,0.0,6.937565653599011,6.189317871166277,9.200558722118055,8.0,7.0,6.0,21.0,0.15996301911868865,0.0794474366222279,0.04520324622969629,0.000266590829778455,4.0,2.0,5.0,3.703666666666665,0.36933333333333174,3.683333333333332,6.937565653599011,6.189317871166277,9.200558722118055,-5.362542097030935,-9.650861766033023,-9.148818044632668
49,3,4.782608695652174,1.6582280766035322,-0.21066666666666656,"(1, 1, 1, 0, 0, 0, 0, 1, 1, 0, 0, 1, 0, 1, 1, 1, 1, 0, 0, 0, 0, 0, 0, 1, 1)",7.0,9.0,11.0,12.0,8.893333333333333,9.104,11.85,13.21,0.0,5.161612595934832,6.989532679044126,11.261478274746551,3.0,1.0,18.0,6.0,0.21704989736335814,0.011791467104105573,0.025025309417953636,0.03231455023483021,2.0,4.0,5.0,0.21066666666666656,2.956666666666667,4.316666666666668,5.161612595934832,6.989532679044126,11.261478274746551,-8.209797545658438,-6.687411650904431,-11.516081595240188
49,4,5.043478260869565,1.6582280766035322,-1.0779999999999994,"(1, 1, 1, 0, 1, 1, 1, 1, 0, 1, 0, 0, 1, 1, 0, 0, 1, 1, 0, 1, 1, 1, 1, 1, 1)",9.0,11.0,10.0,14.0,9.519333333333334,11.433333333333334,10.597333333333333,15.143666666666666,0.0,4.893661363512108,3.599607809665321,8.741174270629656,6.0,1.0,1.0,15.0,0.20154326292387936,0.04724461818017166,0.013725793987643144,0.011409714787051103,2.0,1.0,5.0,1.9139999999999997,1.0779999999999994,5.6243333333333325,4.893661363512108,3.599607809665321,8.741174270629656,-4.940958131746542,-4.181400868169772,-5.1684331525320335
49,5,5.304347826086957,1.6582280766035322,-0.26066666666666727,"(0, 0, 1, 0, 0, 1, 1, 1, 1, 1, 1, 1, 1, 1, 1, 0, 1, 1, 1, 0, 1, 1, 1, 0, 1)",9.0,11.0,9.0,13.0,9.014666666666667,11.06,9.275333333333334,14.828,0.0,6.072762862137456,3.081208863406244,10.17242777305898,14.0,4.0,1.0,3.0,0.06580950683880313,0.0635551619813305,0.12170088154795931,0.002217861124003884,2.0,0.0,4.0,2.0453333333333337,0.26066666666666727,5.813333333333333,6.072762862137456,3.081208863406244,10.17242777305898,-6.67839672120513,-4.67710226187857,-7.228372788519411
49,6,5.565217391304348,1.6582280766035322,-1.9906666666666677,"(0, 1, 0, 1, 1, 0, 0, 0, 0, 0, 1, 1, 0, 0, 0, 0, 0, 0, 1, 1, 0, 1, 1, 0, 1)",6.0,10.0,8.0,11.0,6.043333333333333,10.607,8.034,12.213333333333333,0.0,8.26442448622794,6.729375118581439,12.727812513374241,6.0,10.0,2.0,2.0,0.22659786268726972,0.0019148116596667687,0.18655559522422394,0.027644289625887945,4.0,2.0,5.0,4.563666666666666,1.9906666666666677,6.17,8.26442448622794,6.729375118581439,12.727812513374241,-6.136700521106572,-7.857859401803533,-10.874348830779143
49,7,5.826086956521739,1.6582280766035322,-2.362,"(0, 0, 0, 0, 0, 0, 1, 1, 1, 0, 0, 1, 0, 1, 0, 0, 0, 1, 0, 0, 1, 1, 0, 0, 0)",5.0,8.0,7.0,11.0,5.022,8.129666666666667,7.384,11.594333333333333,0.0,7.518194214621738,7.622727070095186,12.863741153764714,5.0,2.0,1.0,18.0,0.10000629367788216,0.06201253914155819,0.1239008802947503,0.00010085256838422242,3.0,2.0,6.0,3.107666666666667,2.362,6.572333333333333,7.518194214621738,7.622727070095186,12.863741153764714,-7.3136606126524315,-8.723485330980076,-10.43258908920235
49,8,6.086956521739131,1.6582280766035322,-2.1546666666666665,"(0, 0, 1, 1, 0, 1, 0, 0, 0, 1, 1, 0, 0, 0, 1, 0, 1, 0, 0, 1, 0, 0, 1, 1, 0)",6.0,8.0,9.0,11.0,6.175333333333334,8.33,9.835666666666667,11.681,0.0,6.783055646372375,8.082111521583583,11.431686174431702,8.0,2.0,2.0,15.0,0.21564386549259557,0.06340075923767474,0.00027430436493073554,0.12564240643576516,2.0,3.0,5.0,2.1546666666666665,3.660333333333333,5.505666666666666,6.783055646372375,8.082111521583583,11.431686174431702,-7.6749245555903824,-7.332316740269663,-9.826691930276228
49,9,6.3478260869565215,1.6582280766035322,1.0020000000000007,"(1, 0, 0, 1, 1, 0, 1, 0, 0, 1, 1, 0, 1, 1, 1, 0, 1, 0, 0, 0, 1, 1, 1, 0, 1)",9.0,10.0,12.0,13.0,11.272,10.27,12.301333333333334,14.19,0.0,5.122432351435971,5.42806221071041,8.644057379609912,1.0,2.0,12.0,5.0,0.1145144985415915,0.06828240671487612,0.010111193877802618,0.06256658855100627,1.0,3.0,4.0,-1.0020000000000007,1.0293333333333337,2.9179999999999993,5.122432351435971,5.42806221071041,8.644057379609912,-10.155705678410119,-7.294095725833404,-9.495109115112006
49,10,6.608695652173913,1.6582280766035322,-1.000333333333332,"(1, 1, 1, 0, 1, 1, 0, 1, 0, 0, 1, 1, 1, 0, 1, 0, 0, 0, 1, 1, 0, 1, 1, 0, 0)",8.0,9.0,11.0,13.0,10.221333333333334,11.221666666666666,11.369666666666667,13.9,0.0,5.036692747497367,6.292782090768135,9.772536860007834,5.0,1.0,12.0,9.0,0.2717652871932134,0.032067261296484496,0.06119578478859802,0.001367108399898716,1.0,3.0,5.0,1.000333333333332,1.1483333333333334,3.6786666666666665,5.036692747497367,6.292782090768135,9.772536860007834,-6.693204507829788,-8.530669368226542,-10.10502664977572
49,11,6.869565217391305,1.6582280766035322,0.2729999999999997,"(1, 1, 1, 1, 1, 1, 1, 1, 1, 0, 1, 1, 1, 1, 0, 0, 0, 1, 1, 0, 0, 0, 0, 1, 0)",8.0,10.0,10.0,14.0,10.493,10.22,10.624,15.296,0.0,5.49257649526849,5.000202517433885,10.003205597841587,4.0,1.0,3.0,15.0,0.18942001492652413,0.02541023626866976,0.026714946536923346,0.0060402016295918945,2.0,2.0,6.0,-0.2729999999999997,0.13100000000000023,4.802999999999999,5.49257649526849,5.000202517433885,10.003205597841587,-9.560640822259602,-8.074248325077468,-8.623126926451778
49,12,7.130434782608695,1.6582280766035322,-2.9686666666666675,"(1, 0, 1, 0, 0, 1, 0, 1, 0, 0, 0, 0, 0, 1, 1, 0, 1, 0, 0, 0, 1, 1, 0, 1, 0)",6.0,11.0,9.0,13.0,6.187333333333333,11.172333333333333,9.156,13.729,0.0,7.6664858665611115,6.688794592595668,12.07017768294969,1.0,28.0,1.0,17.0,0.3837402389171968,0.00014696186207974933,0.005424306013474592,0.001982223534079684,5.0,3.0,7.0,4.984999999999999,2.9686666666666675,7.541666666666666,7.6664858665611115,6.688794592595668,12.07017768294969,-4.446515150947189,-6.168820575332335,-7.509304112408907
49,13,7.391304347826087,1.6582280766035322,-0.7040000000000006,"(1, 1, 1, 0, 0, 0, 0, 0, 0, 1, 1, 0, 1, 1, 1, 1, 0, 1, 0, 1, 1, 1, 0, 0, 1)",8.0,11.0,10.0,13.0,9.562333333333333,12.471,10.266333333333334,14.485333333333333,0.0,6.473455252092292,5.513276709091424,10.025527190228312,4.0,2.0,1.0,4.0,0.1834637563247199,0.02910645187263442,0.09495799482843072,0.0032857945024060836,3.0,2.0,5.0,2.908666666666667,0.7040000000000006,4.923,6.473455252092292,5.513276709091424,10.025527190228312,-5.9112325195085615,-7.974877667170836,-8.461153848469518
49,14,7.6521739130434785,1.6582280766035322,0.5306666666666651,"(1, 1, 1, 1, 1, 1, 0, 1, 1, 1, 0, 1, 0, 0, 0, 1, 0, 0, 1, 0, 0, 1, 1, 0, 0)",9.0,12.0,9.0,12.0,10.265333333333333,12.318666666666667,9.734666666666667,12.715666666666667,0.0,4.992906313896829,1.1480926335928627,7.89677689688853,23.0,2.0,1.0,1.0,0.1525874056834522,0.06314199651517399,0.009273576790103648,0.005022851557718288,3.0,0.0,3.0,2.0533333333333346,-0.5306666666666651,2.450333333333335,4.992906313896829,1.1480926335928627,7.89677689688853,-4.874482449595516,-2.7837658055496486,-9.031445634723818
49,15,7.913043478260869,1.6582280766035322,-1.9023333333333339,"(1, 1, 1, 1, 1, 0, 0, 0, 0, 0, 0, 0, 1, 1, 1, 0, 0, 1, 0, 1, 1, 1, 0, 0, 0)",7.0,10.0,9.0,11.0,7.352666666666667,10.328,9.255,12.042666666666667,0.0,7.455292096249244,5.6446636470276434,11.187889797658169,7.0,1.0,2.0,1.0,0.16462728686087177,0.0605865765617835,0.12870107051338758,0.1257335716116882,3.0,2.0,4.0,2.9753333333333325,1.9023333333333339,4.69,7.455292096249244,5.6446636470276434,11.187889797658169,-7.428793402693191,-6.2056371980924085,-10.774983301152421
49,16,8.173913043478262,1.6582280766035322,-0.6926666666666677,"(0, 0, 1, 1, 1, 1, 0, 1, 1, 1, 0, 1, 0, 1, 1, 0, 0, 1, 1, 0, 1, 0, 0, 1, 0)",9.0,10.0,11.0,14.0,10.262666666666666,10.955333333333334,12.083,14.919333333333332,0.0,5.161078277999038,6.357563534294112,9.075270378552457,18.0,2.0,5.0,23.0,0.19758538250567992,0.06751423097363249,0.032846358128305456,0.024502088561473224,1.0,2.0,5.0,0.6926666666666677,1.820333333333334,4.656666666666666,5.161078277999038,6.357563534294112,9.075270378552457,-7.409645591732566,-7.523762509246649,-7.327052734433602
49,17,8.434782608695652,1.6582280766035322,-1.1270000000000007,"(1, 1, 0, 0, 1, 1, 1, 0, 1, 1, 0, 1, 0, 0, 1, 1, 0, 1, 0, 0, 1, 0, 1, 1, 0)",9.0,11.0,10.0,13.0,9.172333333333333,13.218666666666667,10.299333333333333,14.206,0.0,4.424373605455105,4.181433979854485,8.952570713261997,17.0,8.0,1.0,4.0,0.26277966159924193,0.0027047262830763134,0.003928782634322537,0.0611098140361791,2.0,1.0,4.0,4.046333333333335,1.1270000000000007,5.033666666666667,4.424373605455105,4.181433979854485,8.952570713261997,-0.6268769933191585,-5.064948183526574,-6.498436719579573
49,18,8.695652173913043,1.6582280766035322,-2.0646666666666658,"(0, 1, 0, 0, 1, 0, 0, 1, 0, 0, 0, 0, 1, 0, 0, 1, 1, 0, 1, 1, 1, 0, 1, 1, 1)",7.0,10.0,10.0,12.0,8.184666666666667,10.249333333333333,10.435333333333332,13.321666666666667,0.0,6.7305635153696715,7.012029306616713,12.432205721585055,4.0,3.0,6.0,6.0,0.19088865010338435,0.004964393946508017,0.18359366238384917,0.004775581895965324,3.0,3.0,5.0,2.0646666666666658,2.2506666666666657,5.1370000000000005,6.7305635153696715,7.012029306616713,12.432205721585055,-7.737121157055268,-7.895425212456284,-12.097114952131067
49,19,8.956521739130434,1.6582280766035322,-0.690666666666667,"(1, 1, 0, 1, 1, 1, 0, 0, 1, 1, 1, 0, 1, 0, 0, 0, 0, 0, 0, 0, 0, 1, 0, 1, 1)",7.0,11.0,9.0,12.0,8.430333333333333,11.228,9.121,12.814,0.0,7.395374788414636,6.780301145289573,10.559660878458718,4.0,18.0,1.0,3.0,0.18902858455713042,9.137744990437987e-05,0.07198477274557252,7.609943460475761e-05,4.0,2.0,5.0,2.7976666666666663,0.690666666666667,4.383666666666667,7.395374788414636,6.780301145289573,10.559660878458718,-7.624048695510575,-10.098002868705414,-10.241207002934482
49,20,9.217391304347826,1.6582280766035322,1.1033333333333335,"(1, 0, 1, 1, 1, 1, 1, 1, 1, 0, 0, 1, 0, 0, 1, 0, 1, 0, 0, 0, 0, 1, 1, 1, 0)",8.0,11.0,9.0,12.0,10.18,11.779,9.076666666666666,13.687333333333333,0.0,6.462105602145762,3.573573628862646,9.391070703363393,13.0,6.0,1.0,1.0,0.2392663275342699,0.001059942621836609,0.032320561879049456,0.058334547327536034,3.0,1.0,4.0,1.5990000000000002,-1.1033333333333335,3.5073333333333334,6.462105602145762,3.573573628862646,9.391070703363393,-8.064138248966028,-7.755378436375908,-9.756578502345272
49,21,9.478260869565217,1.6582280766035322,-0.37400000000000055,"(1, 1, 1, 1, 1, 0, 0, 1, 0, 0, 1, 1, 0, 1, 0, 1, 1, 1, 1, 0, 1, 1, 0, 0, 1)",9.0,10.0,11.0,13.0,9.826666666666666,10.200666666666667,11.611,13.789333333333333,0.0,3.154852614763847,5.1870940340453044,8.690395641972774,23.0,4.0,22.0,7.0,0.35113505931785916,0.027041278075175305,0.005920230392935331,0.08079819923770118,1.0,2.0,4.0,0.37400000000000055,1.7843333333333344,3.9626666666666672,3.154852614763847,5.1870940340453044,8.690395641972774,-4.611287882697757,-5.642553331883698,-7.839652925424634
49,22,9.73913043478261,1.6582280766035322,-1.113999999999999,"(0, 1, 1, 1, 1, 1, 0, 0, 1, 1, 1, 0, 0, 0, 0, 0, 0, 1, 0, 0, 0, 1, 0, 1, 1)",7.0,10.0,8.0,12.0,7.014666666666667,10.043,8.128666666666666,13.792666666666667,0.0,7.303766899560495,5.725382504845423,12.003406365731788,11.0,6.0,1.0,4.0,0.06513216332524355,0.07962866852207116,0.06821407789740244,0.05261876917731012,3.0,1.0,5.0,3.0283333333333324,1.113999999999999,6.7780000000000005,7.303766899560495,5.725382504845423,12.003406365731788,-7.089643979171048,-7.646723941493006,-8.664915547319275
49,23,10.0,1.6582280766035322,-0.19666666666666544,"(1, 1, 0, 1, 1, 1, 0, 0, 0, 0, 1, 1, 0, 0, 1, 1, 1, 1, 1, 0, 1, 0, 1, 1, 1)",9.0,12.0,11.0,14.0,11.012,13.445,11.208666666666666,16.133333333333333,0.0,5.963568543293113,4.461324454428753,9.122502241601046,6.0,3.0,3.0,17.0,0.14017750660060183,0.034999083395203155,0.04796574574506253,0.0034451221468826962,3.0,2.0,5.0,2.433,0.19666666666666544,5.121333333333332,5.963568543293113,4.461324454428753,9.122502241601046,-5.854487884861874,-7.071775280773001,-6.634850622922625
